project,version,duplicated_lines,duplicated_blocks,duplicated_lines_density,duplicated_files,complexity,cognitive_complexity,reliability_remediation_effort,reliability_rating,bugs,lines_to_cover,uncovered_lines,line_coverage,coverage,sqale_debt_ratio,code_smells,effort_to_reach_maintainability_rating_a,sqale_rating,development_cost,software_quality_maintainability_remediation_effort,normalized_td,vulnerabilities,security_remediation_effort,security_rating,wont_fix_issues,reopened_issues,false_positive_issues,confirmed_issues,blocker_violations,open_issues,major_violations,info_violations,critical_violations,violations,minor_violations,ncloc_language_distribution,files,functions,statements,comment_lines,comment_lines_density,lines,classes,ncloc,LPL,LM,LSC,LBCL,LC,LLF,LTCE,CCC,LMC,MNC
gradio,2021/8/16,202,8,2.9,5,950,970,20,5,2,3729,3729,0,0,0.5,91,0,1,150090,750,0,2,40,4,0,0,0,0,3,95,32,2,27,95,31,py=5003,69,422,3881,1018,16.9,6996,65,5003,8,6,0,0,0,0,0,14,0,4
gradio,2021/8/23,202,8,2.9,5,950,970,20,5,2,3729,3729,0,0,0.5,91,0,1,150090,750,0,2,40,4,0,0,0,0,3,95,32,2,27,95,31,py=5003,69,422,3881,1018,16.9,6996,65,5003,8,6,0,0,0,0,0,14,0,4
gradio,2021/8/30,202,8,2.8,5,971,998,20,5,2,3808,3808,0,0,0.5,90,0,1,154140,751,0,2,40,4,0,0,0,0,3,94,32,0,28,94,31,py=5138,71,427,3960,1021,16.6,7151,66,5138,8,7,0,0,0,0,0,14,0,4
gradio,2021/9/6,202,8,2.8,5,971,998,20,5,2,3808,3808,0,0,0.5,90,0,1,154140,751,0,2,40,4,0,0,0,0,3,94,32,0,28,94,31,py=5138,71,427,3960,1021,16.6,7151,66,5138,8,7,0,0,0,0,0,14,0,4
gradio,2021/9/13,202,8,2.8,5,971,998,20,5,2,3816,3816,0,0,0.5,91,0,1,154380,756,0,2,40,4,0,0,0,0,3,95,32,0,29,95,31,py=5146,71,427,3968,1025,16.6,7140,66,5146,8,7,0,0,0,0,0,14,0,4
gradio,2021/9/20,202,8,2.8,5,978,1005,20,5,2,3842,3842,0,0,0.5,91,0,1,155700,756,0,2,40,4,0,0,0,0,3,95,32,0,29,95,31,py=5190,72,430,3994,1025,16.5,7188,66,5190,8,7,0,0,0,0,0,14,0,4
gradio,2021/9/27,202,8,2.8,5,983,1010,20,5,2,3839,3839,0,0,0.5,92,0,1,156240,777,0,2,40,4,0,0,0,0,3,96,33,0,29,96,31,py=5208,72,429,3991,1038,16.6,7203,66,5208,9,7,0,0,0,0,0,14,0,4
gradio,2021/10/4,206,8,2.9,5,981,1004,20,5,2,3811,3811,0,0,0.5,89,0,1,157290,761,0,2,40,4,0,0,0,0,3,93,31,0,29,93,30,py=5243,72,427,3961,1006,16.1,7194,66,5243,9,6,0,0,0,0,0,13,0,4
gradio,2021/10/11,196,8,2.8,5,974,1009,20,5,2,3759,3759,0,0,0.5,83,0,1,154770,732,0,2,40,4,0,0,0,0,3,87,31,0,28,87,25,py=5159,72,415,3902,991,16.1,7068,70,5159,9,6,0,0,0,0,0,0,0,3
gradio,2021/10/18,196,8,2.7,5,1022,1043,20,5,2,3906,3906,0,0,0.5,89,0,1,160050,762,0,2,40,4,0,0,0,0,3,93,33,0,29,93,28,py=5335,74,445,4051,1013,16,7313,72,5335,9,6,0,0,0,0,0,0,0,2
gradio,2021/10/25,214,8,2.7,5,1096,1063,20,5,2,4240,4240,0,0,0.5,94,0,1,171420,782,0,2,40,4,0,0,0,0,3,98,34,1,29,98,31,py=5714,74,504,4411,1161,16.9,7889,85,5714,9,6,0,0,0,4,0,8,0,2
gradio,2021/11/1,180,6,2.1,4,1150,1077,20,5,2,4801,4801,0,0,0.4,103,0,1,194400,816,0,2,40,4,0,0,0,0,3,107,37,1,30,107,36,py=6480,75,547,4974,1186,15.5,8761,93,6480,9,8,0,0,0,4,0,8,0,3
gradio,2021/11/8,180,6,2,4,1184,1085,20,5,2,5011,5011,0,0,0.4,107,0,1,202530,827,0,2,40,4,0,0,0,0,3,111,37,2,30,111,39,py=6751,76,576,5191,1251,15.6,9171,98,6751,10,8,0,0,0,6,0,9,0,5
gradio,2021/11/15,180,6,2,4,1183,1084,20,5,2,5011,5011,0,0,0.4,107,0,1,202560,824,0,2,40,4,0,0,0,0,3,111,37,3,29,111,39,py=6752,76,576,5189,1247,15.6,9171,98,6752,9,8,0,0,0,6,0,7,0,5
gradio,2021/11/22,180,6,2,4,1172,1079,20,5,2,4962,4962,0,0,0.4,105,0,1,200760,819,0,2,40,4,0,0,0,0,3,109,37,3,29,109,37,py=6692,74,568,5134,1202,15.2,9034,93,6692,9,8,0,0,0,6,0,8,0,3
gradio,2021/11/29,180,6,2,4,1172,1079,20,5,2,4963,4963,0,0,0.4,105,0,1,200850,819,0,2,40,4,0,0,0,0,3,109,37,3,29,109,37,py=6695,74,568,5135,1203,15.2,9038,93,6695,9,8,0,0,0,6,0,8,0,3
gradio,2021/12/6,180,6,2,4,1172,1079,20,5,2,4963,4963,0,0,0.4,105,0,1,200850,819,0,2,40,4,0,0,0,0,3,109,37,3,29,109,37,py=6695,74,568,5135,1203,15.2,9038,93,6695,9,8,0,0,0,6,0,8,0,3
gradio,2021/12/13,216,8,2.3,6,1219,1165,20,5,2,5149,5149,0,0,0.4,105,0,1,207000,842,0,2,40,4,0,0,0,0,3,109,34,3,30,109,39,py=6900,78,570,5322,1202,14.8,9259,94,6900,9,7,0,0,0,6,0,7,0,3
gradio,2021/12/20,216,8,2.2,6,1254,1212,20,5,2,5310,5310,0,0,0.4,114,0,1,214800,883,0,2,40,4,0,0,0,0,3,118,36,5,32,118,42,py=7160,80,584,5493,1297,15.3,9662,100,7160,9,8,0,0,0,6,0,10,0,7
gradio,2021/12/27,216,8,2.2,6,1286,1235,10,5,1,5370,5370,0,0,0.4,116,0,1,222540,956,0,2,40,4,0,0,0,0,1,119,41,4,33,119,40,py=7418,82,595,5553,1334,15.2,10007,101,7418,9,9,0,0,0,6,0,14,0,7
gradio,2022/1/3,200,8,2,6,1290,1246,10,5,1,5351,5351,0,0,0.4,123,0,1,225900,970,0,2,40,4,0,0,0,0,1,126,46,4,34,126,41,py=7530,82,590,5540,1355,15.3,10135,99,7530,8,9,0,0,0,6,0,13,0,7
gradio,2022/1/10,200,8,2,6,1297,1260,10,5,1,5367,5367,0,0,0.4,123,0,1,226800,978,0,2,40,4,0,0,0,0,1,126,46,4,34,126,41,py=7560,82,590,5556,1361,15.3,10176,99,7560,8,9,0,0,0,6,0,13,0,7
gradio,2022/1/17,8838,26,43.4,9,1321,1307,10,5,1,5429,5429,0,0,0.2,128,0,1,525180,1027,0,2,40,4,0,0,0,0,1,131,49,4,36,131,41,py=17506,82,591,5618,1358,7.2,20354,99,17506,8,8,0,0,0,6,0,10,0,1
gradio,2022/1/24,8838,26,42.9,9,1341,1304,10,5,1,5580,5580,0,0,0.2,126,0,1,531300,1010,0,2,40,4,0,0,0,0,1,129,48,4,35,129,41,py=17710,85,608,5779,1336,7,20593,106,17710,6,7,0,0,0,6,0,0,0,1
gradio,2022/1/31,8838,26,42.5,9,1364,1344,10,5,1,5701,5701,0,0,0.2,132,0,1,536820,1056,0,2,40,4,0,0,0,0,1,135,49,4,39,135,42,py=17894,86,614,5900,1343,7,20796,106,17894,6,7,0,0,0,6,0,0,0,1
gradio,2022/2/7,8838,26,42.4,9,1366,1345,0,1,0,5686,5686,0,0,0.2,130,0,1,537390,1032,0,3,45,4,0,0,0,0,0,133,51,4,39,133,39,py=17913,87,613,5885,1355,7,20845,106,17913,6,7,0,0,0,6,0,0,0,1
gradio,2022/2/14,8838,26,42.2,9,1372,1345,0,1,0,5703,5703,0,0,0.2,130,0,1,539100,1028,0,3,45,4,0,0,0,0,0,133,50,4,39,133,40,py=17970,87,619,5905,1373,7.1,20930,108,17970,6,7,0,0,0,6,0,0,0,1
gradio,2022/2/21,8838,26,42.2,9,1376,1350,0,1,0,5717,5717,0,0,0.2,131,0,1,540060,1032,0,3,45,4,0,0,0,0,0,134,50,5,39,134,40,py=18002,87,620,5919,1375,7.1,20967,109,18002,6,7,0,0,0,6,0,0,0,1
gradio,2022/2/28,8838,26,41.4,9,1420,1381,0,1,0,5928,5928,0,0,0.2,133,0,1,548460,1034,0,3,45,4,0,0,0,0,0,136,51,8,37,136,40,py=18282,92,644,6132,1400,7.1,21352,127,18282,6,7,0,0,0,7,0,10,0,1
gradio,2022/3/7,8838,26,41.4,9,1424,1385,0,1,0,5937,5937,0,0,0.2,134,0,1,549030,1040,0,3,45,4,0,0,0,0,0,137,51,8,38,137,40,py=18301,92,644,6141,1400,7.1,21371,127,18301,6,7,0,0,0,7,0,10,0,1
gradio,2022/3/14,8732,24,39.8,8,1413,1353,0,1,0,5899,5899,0,0,0.2,139,0,1,555540,1065,0,3,45,4,0,0,0,0,0,142,50,15,37,142,40,py=18518,93,644,6146,1710,8.5,21922,141,18518,6,7,0,0,0,7,0,10,0,1
gradio,2022/3/21,8810,26,39.1,9,1451,1359,0,1,0,6070,6070,0,0,0.2,139,0,1,564300,1079,0,3,45,4,0,0,0,0,0,142,53,11,37,142,41,py=18810,95,682,6353,1949,9.4,22504,141,18810,6,7,0,0,0,7,0,10,0,1
gradio,2022/3/28,8778,24,39.1,7,1418,1305,0,1,0,5876,5876,0,0,0.2,134,0,1,562110,1022,0,3,45,4,0,0,0,0,0,137,51,13,36,137,37,py=18737,98,665,6171,1996,9.6,22469,137,18737,6,9,0,0,0,8,0,10,0,1
gradio,2022/4/4,8918,28,40.9,11,1476,1420,3,3,1,6131,6131,0,0,0.2,140,0,1,558360,1067,0,3,45,4,0,0,0,0,0,144,52,8,39,144,45,py=18612,95,671,6345,1472,7.3,21808,132,18612,6,7,0,0,0,7,0,10,0,2
gradio,2022/4/11,8918,28,40.7,11,1488,1436,3,3,1,6187,6187,0,0,0.2,139,0,1,560730,1063,0,3,45,4,0,0,0,0,0,143,52,8,40,143,43,py=18691,95,678,6404,1489,7.4,21915,133,18691,7,7,0,0,0,7,0,10,0,2
gradio,2022/4/18,10213,84,38.9,13,1646,1499,0,1,0,7101,7101,0,0,0.2,168,0,1,649830,1231,0,3,45,4,0,0,0,0,0,171,58,13,47,171,53,py=21661,116,794,7484,2453,10.2,26249,187,21661,7,18,0,0,0,13,0,10,0,10
gradio,2022/4/25,9183,36,36.6,10,1596,1505,0,1,0,6567,6567,0,0,0.2,152,0,1,618120,1236,0,3,45,4,0,0,0,0,0,155,57,10,47,155,41,py=20604,119,743,6952,2447,10.6,25099,159,20604,7,12,0,0,0,8,0,10,0,9
gradio,2022/5/2,8788,24,35.3,8,1584,1525,0,1,0,6595,6595,0,0,0.2,150,0,1,618540,1227,0,3,45,4,0,0,0,0,0,153,58,9,45,153,41,py=20618,121,716,6948,2215,9.7,24882,166,20618,7,12,0,0,0,8,0,11,0,9
gradio,2022/5/9,9196,36,35.1,8,1664,1570,15,4,3,6857,6857,0,0,0.2,167,0,1,651240,1414,0,3,45,4,0,0,0,0,0,173,63,9,57,173,44,py=21708,126,760,7213,2327,9.7,26190,165,21708,6,12,0,0,0,7,0,12,0,5
gradio,2022/5/16,9122,34,34.2,8,1722,1623,10,4,2,7036,7036,0,0,0.2,170,0,1,662190,1474,0,3,45,4,0,0,0,0,0,175,60,7,58,175,50,py=22073,130,783,7411,2391,9.8,26670,169,22073,6,12,0,0,0,8,0,12,0,5
gradio,2022/5/23,9068,34,33.5,8,1773,1700,10,4,2,7191,7191,0,0,0.2,179,0,1,670890,1553,0,3,45,4,0,0,0,0,0,184,62,8,64,184,50,py=22363,132,795,7572,2429,9.8,27034,169,22363,6,12,0,0,0,8,0,12,0,5
gradio,2022/5/30,9036,32,33,8,1825,1751,10,4,2,7348,7348,0,0,0.2,192,0,1,680040,1698,0,3,45,4,0,0,0,0,0,197,63,9,75,197,50,py=22668,133,819,7731,2445,9.7,27415,169,22668,6,12,0,0,0,8,0,12,0,5
gradio,2022/6/6,9036,32,32.7,8,1856,1795,10,4,2,7443,7443,0,0,0.3,192,0,1,684780,1720,0,3,45,4,0,0,0,0,0,197,63,9,75,197,50,py=22826,135,831,7826,2484,9.8,27635,170,22826,6,12,0,0,0,8,0,12,0,5
gradio,2022/6/13,9044,35,32.4,8,1867,1821,10,4,2,7535,7535,0,0,0.2,193,0,1,690180,1724,0,3,45,4,0,0,0,0,0,198,64,9,75,198,50,py=23006,136,834,7922,2549,10,27901,171,23006,6,12,0,0,0,11,0,12,0,5
gradio,2022/6/20,9044,35,31.8,8,1914,1851,10,4,2,7715,7715,0,0,0.3,198,0,1,699120,1774,0,3,45,4,0,0,0,0,0,203,67,9,75,203,52,py=23304,137,865,8115,2694,10.4,28397,177,23304,6,12,0,0,0,11,0,12,0,5
gradio,2022/6/27,9044,35,31.8,8,1917,1849,10,4,2,7725,7725,0,0,0.3,199,0,1,699720,1775,0,3,45,4,0,0,0,0,0,204,67,9,75,204,53,py=23324,137,867,8125,2694,10.4,28423,178,23324,6,12,0,0,0,11,0,11,0,5
gradio,2022/7/4,9068,35,31.7,8,1962,1842,10,4,2,7796,7796,0,0,0.2,208,0,1,699990,1742,0,3,45,4,0,0,0,0,0,213,84,8,68,213,53,py=23333,140,895,8212,2843,10.9,28645,181,23333,6,12,0,0,0,11,0,11,0,5
gradio,2022/7/11,9126,37,31.7,10,1985,1880,10,4,2,7900,7900,0,0,0.2,208,0,1,703590,1747,0,3,45,4,0,0,0,0,0,213,84,8,68,213,53,py=23453,148,900,8317,2846,10.8,28806,182,23453,6,4,0,0,0,9,0,11,0,2
gradio,2022/7/18,9068,35,30.9,8,2010,1896,10,4,2,8138,8138,0,0,0.2,214,0,1,714030,1785,0,3,45,4,0,0,0,0,0,219,85,8,73,219,53,py=23801,155,916,8557,2898,10.9,29326,181,23801,6,4,0,0,0,9,0,10,0,2
gradio,2022/7/25,9068,35,30.7,8,2032,1927,10,4,2,8257,8257,0,0,0.3,218,0,1,719790,1863,0,3,45,4,0,0,0,0,0,223,86,8,75,223,54,py=23993,161,923,8678,2931,10.9,29545,181,23993,6,4,0,0,0,9,0,11,0,2
gradio,2022/8/1,9068,35,30.4,8,2049,1949,15,4,3,8323,8323,0,0,0.3,218,0,1,723480,1866,0,3,45,4,0,0,0,0,0,224,85,8,76,224,55,py=24116,162,931,8766,3116,11.4,29878,181,24116,6,3,0,0,0,9,0,11,0,2
gradio,2022/8/8,9149,37,29.8,8,2105,1984,40,5,8,8618,8618,0,0,0.3,230,0,1,744270,1876,0,3,45,4,0,0,0,0,1,241,92,16,77,241,55,py=24809,170,962,9066,3161,11.3,30728,184,24809,6,2,0,0,0,0,0,0,0,0
gradio,2022/8/15,9149,37,29.3,8,2161,2021,40,5,8,8803,8803,0,0,0.3,229,0,1,753750,1894,0,3,45,4,0,0,0,0,1,240,88,18,79,240,54,py=25125,177,989,9262,3252,11.5,31209,189,25125,6,2,0,0,0,0,0,0,0,0
gradio,2022/8/22,9165,36,29.4,10,2141,2025,40,4,8,8713,8713,0,0,0.3,217,0,1,753840,1947,0,3,45,4,0,0,0,0,0,228,87,6,82,228,53,py=25128,182,958,9152,3193,11.3,31169,198,25128,6,2,0,0,0,7,0,0,0,0
gradio,2022/8/29,9065,34,28.7,10,2190,2066,40,4,8,8933,8933,0,0,0.3,222,0,1,763320,1977,0,3,45,4,0,0,0,0,0,233,90,4,83,233,56,py=25444,182,984,9376,3204,11.2,31548,204,25444,6,2,0,0,0,7,0,0,0,0
gradio,2022/9/5,9061,34,28.2,10,2261,2150,40,4,8,9224,9224,0,0,0.3,225,0,1,776550,2013,0,3,45,4,0,0,0,0,0,236,93,5,83,236,55,py=25885,186,1007,9668,3220,11.1,32090,208,25885,6,2,0,0,0,7,0,0,0,0
gradio,2022/9/12,9151,36,27.1,12,2383,2215,40,4,8,10047,10047,0,0,0.3,253,0,1,818310,2142,0,3,45,4,0,0,0,0,0,264,105,4,85,264,70,py=27277,206,1083,10495,3279,10.7,33769,213,27277,7,2,0,0,0,7,0,7,0,0
gradio,2022/9/19,9151,36,26.6,12,2435,2238,40,4,8,10280,10280,0,0,0.3,253,0,1,832950,2142,0,3,45,4,0,0,0,0,0,264,105,4,86,264,69,py=27765,206,1112,10731,3294,10.6,34345,218,27765,7,2,0,0,0,7,0,7,0,0
gradio,2022/9/26,9151,36,26.5,12,2466,2281,40,4,8,10382,10382,0,0,0.3,254,0,1,837930,2150,0,3,45,4,0,0,0,0,0,265,105,4,86,265,70,py=27931,206,1120,10836,3315,10.6,34558,220,27931,7,2,0,0,0,7,0,6,0,0
gradio,2022/10/3,9083,34,26.1,10,2489,2289,40,4,8,10501,10501,0,0,0.2,245,0,1,844110,1957,0,3,45,4,0,0,0,0,0,256,108,4,74,256,70,py=28137,208,1134,10958,3311,10.5,34799,222,28137,7,2,0,0,0,7,0,6,0,0
gradio,2022/10/10,9083,34,26.1,10,2459,2197,40,4,8,10464,10464,0,0,0.2,235,0,1,845760,1889,0,4,50,4,0,0,0,0,0,247,103,4,73,247,67,py=28192,235,1144,10912,3293,10.5,34867,223,28192,4,0,0,0,0,7,0,6,0,0
gradio,2022/10/17,9083,34,26,10,2470,2207,40,4,8,10542,10542,0,0,0.2,236,0,1,848700,1898,0,4,50,4,0,0,0,0,0,248,104,4,73,248,67,py=28290,236,1149,10990,3295,10.4,34983,224,28290,4,0,0,0,0,7,0,6,0,0
gradio,2022/10/24,9589,46,26.4,11,2647,2411,55,5,10,11236,11236,0,0,0.3,258,0,1,881790,2297,0,4,50,4,0,0,0,0,1,272,118,4,81,272,68,py=29393,243,1211,11686,3373,10.3,36370,231,29393,4,0,0,0,0,7,0,7,0,0
gradio,2022/10/31,9819,60,26.5,12,2660,2420,55,5,10,11304,11304,0,0,0.3,262,0,1,899940,2451,0,4,50,4,0,0,0,0,1,276,127,3,77,276,68,py=29998,246,1212,11752,3379,10.1,37010,229,29998,4,0,0,0,0,7,0,7,0,0
gradio,2022/11/7,9819,60,26.7,12,2654,2435,100,5,19,11322,11322,0,0,0.3,242,0,1,896700,2436,0,3,45,4,0,0,0,0,1,264,134,3,76,264,50,py=29890,248,1203,11766,3332,10,36830,228,29890,4,0,0,0,0,7,0,7,0,0
gradio,2022/11/14,9821,60,26.4,12,2691,2457,100,5,19,11457,11457,0,0,0.3,244,0,1,903870,2464,0,3,45,4,0,0,0,0,1,266,136,3,76,266,50,py=30129,248,1230,11903,3353,10,37140,234,30129,4,0,0,0,0,6,0,7,0,0
gradio,2022/11/21,9931,62,26.6,12,2728,2516,100,5,19,11571,11571,0,0,0.3,249,0,1,909570,2499,0,3,45,4,0,0,0,0,1,271,137,3,80,271,50,py=30319,250,1240,12021,3383,10,37393,235,30319,4,0,0,0,0,6,0,7,0,0
gradio,2022/11/28,9913,64,26.2,12,2754,2542,100,5,19,11741,11741,0,0,0.3,253,0,1,921060,2533,0,3,45,4,0,0,0,0,1,275,139,3,81,275,51,py=30702,253,1252,12195,3411,10,37857,237,30702,4,1,0,0,0,6,0,7,0,0
gradio,2022/12/5,9949,67,25.8,12,2813,2591,105,5,20,11953,11953,0,0,0.3,257,0,1,935700,2603,0,3,45,4,0,0,0,0,1,280,144,3,82,280,50,py=31190,256,1274,12415,3501,10.1,38489,239,31190,4,1,0,0,0,6,0,7,0,0
gradio,2022/12/12,9983,67,25.6,12,2848,2611,100,5,19,12166,12166,0,0,0.3,255,0,1,946260,2612,0,3,45,4,0,0,0,0,1,277,142,2,83,277,49,py=31542,257,1293,12631,3539,10.1,38940,242,31542,4,1,0,0,0,6,0,7,0,0
gradio,2022/12/19,10092,74,25.3,12,2924,2678,100,5,19,12455,12455,0,0,0.3,259,0,1,967320,2685,0,3,45,4,0,0,0,0,1,281,145,2,84,281,49,py=32244,259,1318,12925,3624,10.1,39823,246,32244,4,1,0,0,0,6,0,7,0,0
gradio,2022/12/26,10509,87,25.6,15,3130,2926,95,4,18,13011,13011,0,0,0.3,268,0,1,996600,2684,0,3,45,4,0,0,0,0,0,289,143,1,86,289,59,py=33220,262,1368,13493,3780,10.2,41027,252,33220,4,1,0,0,0,6,0,7,0,0
gradio,2023/1/2,10227,81,24.9,13,3117,2902,95,4,18,13023,13023,0,0,0.3,263,0,1,996750,2612,0,3,45,4,0,0,0,0,0,284,141,1,85,284,57,py=33225,262,1372,13503,3776,10.2,41014,255,33225,4,1,0,0,0,6,0,7,0,0
gradio,2023/1/9,10227,81,24.9,13,3119,2902,95,4,18,13039,13039,0,0,0.3,263,0,1,997560,2611,0,3,45,4,0,0,0,0,0,284,141,1,85,284,57,py=33252,262,1374,13519,3778,10.2,41048,255,33252,4,1,0,0,0,6,0,7,0,0
gradio,2023/1/16,10289,83,24.5,14,3179,2958,95,4,18,13325,13325,0,0,0.3,270,0,1,1020540,2671,0,3,45,4,0,0,0,0,0,291,144,1,88,291,58,py=34018,265,1398,13806,3792,10,41911,260,34018,4,1,0,0,0,6,0,7,0,0
gradio,2023/1/23,10289,83,24.4,14,3207,2986,95,4,18,13438,13438,0,0,0.3,271,0,1,1025340,2676,0,3,45,4,0,0,0,0,0,292,144,1,88,292,59,py=34178,270,1410,13919,3796,10,42115,260,34178,4,1,0,0,0,6,0,7,0,0
gradio,2023/1/30,10289,83,24.3,14,3241,3008,95,4,18,13564,13564,0,0,0.3,273,0,1,1031340,2681,0,3,45,4,0,0,0,0,0,294,144,1,88,294,61,py=34378,273,1429,14046,3799,10,42375,260,34378,4,1,0,0,0,6,0,7,0,0
gradio,2023/2/6,10289,83,24.1,14,3281,3050,95,4,18,13739,13739,0,0,0.3,274,0,1,1040160,2709,0,3,45,4,0,0,0,0,0,295,144,1,89,295,61,py=34672,274,1448,14221,3825,9.9,42739,260,34672,4,1,0,0,0,6,0,8,0,0
gradio,2023/2/13,10442,95,23.9,14,3349,3106,95,4,18,14041,14041,0,0,0.3,280,0,1,1061580,2794,0,3,45,4,0,0,0,0,0,301,148,1,91,301,61,py=35386,277,1476,14528,3907,9.9,43600,264,35386,4,1,0,0,0,6,0,8,0,1
gradio,2023/2/20,10400,93,23.7,14,3377,3132,95,4,18,14197,14197,0,0,0.3,277,0,1,1069110,2783,0,3,45,4,0,0,0,0,0,298,146,1,90,298,61,py=35637,278,1490,14685,3940,10,43927,264,35637,4,1,0,0,0,6,0,8,0,1
gradio,2023/2/27,10432,95,23.6,14,3395,3156,95,4,18,14276,14276,0,0,0.3,279,0,1,1074270,2820,0,3,45,4,0,0,0,0,0,300,148,1,90,300,61,py=35809,279,1497,14765,3961,10,44143,265,35809,4,1,0,0,0,6,0,8,0,1
gradio,2023/3/6,10291,86,22.3,13,3679,3449,105,4,19,14898,14898,0,0,0.3,306,0,1,1134030,3179,0,1,5,4,0,0,0,0,0,326,140,1,124,326,61,py=37801,290,1531,15379,3816,9.2,46112,276,37801,4,1,0,0,0,6,0,8,0,5
gradio,2023/3/13,10508,111,22.1,21,3746,3531,105,4,19,15196,15196,0,0,0.3,327,0,1,1163310,3402,0,1,5,4,0,0,0,0,0,347,157,1,128,347,61,py=38777,302,1547,15679,4113,9.6,47487,284,38777,4,1,0,0,0,6,0,8,0,0
gradio,2023/3/20,10606,113,21.6,23,3894,3658,105,4,19,15776,15776,0,0,0.3,336,0,1,1201020,3433,0,1,5,4,0,0,0,0,0,356,159,2,133,356,62,py=40034,315,1612,16274,4195,9.5,49036,297,40034,4,1,0,0,0,7,0,8,0,3
gradio,2023/3/27,10809,125,21.2,24,4119,3905,105,4,19,16482,16482,0,0,0.3,356,0,1,1250880,3610,0,1,5,4,0,0,0,0,0,376,163,2,145,376,66,py=41696,319,1683,16996,4266,9.3,50982,309,41696,4,1,0,0,0,7,0,8,0,3
gradio,2023/4/3,10799,125,20.9,24,4223,4039,125,4,21,16803,16803,0,0,0.3,335,0,1,1266030,3549,0,1,5,4,0,0,0,0,0,357,153,2,148,357,54,py=42201,320,1712,17322,4420,9.5,51740,310,42201,4,1,0,0,0,7,0,8,0,3
gradio,2023/4/10,10829,125,20.4,24,4339,4181,125,4,21,17202,17202,0,0,0.3,361,0,1,1298460,3880,0,1,5,4,0,0,0,0,0,383,158,2,168,383,55,py=43282,323,1751,17734,4570,9.6,53061,316,43282,4,1,0,0,0,7,0,8,0,3
gradio,2023/4/17,10829,125,20.3,24,4364,4192,125,4,21,17294,17294,0,0,0.3,360,0,1,1301820,3880,0,1,5,4,0,0,0,0,0,382,157,2,168,382,55,py=43394,325,1766,17826,4580,9.5,53218,323,43394,4,1,0,0,0,8,0,8,0,3
gradio,2023/4/24,10832,127,20.3,26,4412,4221,115,4,20,17421,17421,0,0,0.3,349,0,1,1307370,3825,0,1,5,4,0,0,0,0,0,370,153,2,162,370,53,py=43579,325,1797,17953,4580,9.5,53473,324,43579,4,1,0,0,0,8,0,8,0,3
gradio,2023/5/1,10874,126,20.2,27,4471,4255,95,4,18,17580,17580,0,0,0.3,323,0,1,1318590,3595,0,1,5,4,0,0,0,0,0,342,147,3,149,342,43,py=43953,325,1825,18115,4589,9.5,53884,325,43953,6,1,0,0,0,8,0,8,0,0
gradio,2023/5/8,10909,128,20.2,28,4521,4324,95,4,18,17705,17705,0,0,0.3,324,0,1,1323990,3608,0,1,5,4,0,0,0,0,0,343,150,3,149,343,41,py=44133,325,1845,18242,4591,9.4,54103,325,44133,6,1,0,0,0,8,0,8,0,0
gradio,2023/5/15,10921,128,20,28,4575,4339,95,4,18,17980,17980,0,0,0.3,328,0,1,1336050,3640,0,1,5,4,0,0,0,0,0,347,152,3,151,347,41,py=44535,328,1876,18520,4634,9.4,54600,329,44535,6,1,0,0,0,6,0,8,0,3
gradio,2023/5/22,10921,128,20,28,4575,4339,95,4,18,17980,17980,0,0,0.3,328,0,1,1336050,3640,0,1,5,4,0,0,0,0,0,347,152,3,151,347,41,py=44535,328,1876,18520,4634,9.4,54600,329,44535,6,1,0,0,0,6,0,8,0,3
gradio,2023/5/29,10921,128,19.9,28,4631,4391,95,4,18,18196,18196,0,0,0.3,330,0,1,1345230,3664,0,1,5,4,0,0,0,0,0,349,152,3,152,349,42,py=44841,330,1892,18736,4641,9.4,54970,329,44841,6,1,0,0,0,5,0,8,0,3
gradio,2023/6/5,10504,129,18.8,28,4666,4438,95,4,18,18359,18359,0,0,0.3,351,0,1,1367460,3956,0,1,5,4,0,0,0,0,0,370,172,4,153,370,41,py=45582,330,1895,18895,4701,9.3,55774,331,45582,6,1,0,0,0,5,0,8,0,3
gradio,2023/6/12,10504,129,18.5,37,4679,4438,95,4,18,18772,18772,0,0,0.3,342,0,1,1386090,3888,0,1,5,4,0,0,0,0,0,361,166,4,150,361,41,py=46203,368,1902,19346,4753,9.3,56700,334,46203,6,1,0,0,0,6,0,8,0,3
gradio,2023/6/19,10782,128,18.8,39,4698,4454,95,4,18,18871,18871,0,0,0.3,346,0,1,1404720,3910,0,1,5,4,0,0,0,0,0,365,170,4,150,365,41,py=46824,371,1912,19448,4801,9.3,57441,336,46824,6,1,0,0,0,6,0,10,0,3
gradio,2023/6/26,10816,128,18.7,39,4744,4497,95,4,18,19014,19014,0,0,0.3,349,0,1,1410360,3919,0,1,5,4,0,0,0,0,0,368,172,7,148,368,41,py=47012,373,1928,19592,4821,9.3,57699,340,47012,6,1,0,0,0,9,0,10,0,3
gradio,2023/7/3,11530,144,19.5,46,4889,4694,95,4,18,19559,19559,0,0,0.3,358,0,1,1441110,4031,0,1,5,4,0,0,0,0,0,377,177,7,151,377,42,py=48037,380,1977,20145,4911,9.3,58993,343,48037,6,2,0,0,0,9,0,17,0,43
gradio,2023/7/10,11490,144,19.5,46,4901,4690,95,4,18,19569,19569,0,0,0.3,359,0,1,1441050,4042,0,1,5,4,0,0,0,0,0,378,177,7,152,378,42,py=48035,382,1983,20160,4982,9.4,59056,343,48035,6,2,0,0,0,8,0,17,0,43
gradio,2023/7/17,11569,151,19.2,46,5007,4801,95,4,18,19981,19981,0,0,0.3,365,0,1,1469370,4141,0,1,5,4,0,0,0,0,0,384,179,7,156,384,42,py=48979,388,2027,20576,5042,9.3,60169,346,48979,6,2,0,0,0,8,0,17,0,43
gradio,2023/7/24,11579,151,19,47,5071,4866,95,4,18,20254,20254,0,0,0.3,370,0,1,1485630,4204,0,1,5,4,0,0,0,0,0,389,182,7,157,389,43,py=49521,393,2045,20852,5068,9.3,60816,346,49521,6,2,0,0,0,8,0,10,0,40
gradio,2023/7/31,11579,151,19,47,5075,4879,95,4,18,20265,20265,0,0,0.3,370,0,1,1486560,4206,0,1,5,4,0,0,0,0,0,389,182,7,157,389,43,py=49552,393,2045,20863,5077,9.3,60847,346,49552,6,2,0,0,0,8,0,10,0,40
gradio,2023/8/7,11583,151,18.8,49,5180,4996,95,4,18,20608,20608,0,0,0.3,375,0,1,1506420,4283,0,1,5,4,0,0,0,0,0,394,185,8,158,394,43,py=50214,397,2087,21222,5182,9.4,61721,351,50214,6,2,0,0,0,8,0,10,0,43
gradio,2023/8/14,11099,143,18.2,43,5113,4899,95,4,18,20246,20246,0,0,0.3,368,0,1,1487490,4213,0,1,5,4,0,0,0,0,0,387,183,8,154,387,42,py=49583,385,2069,20858,5156,9.4,60939,350,49583,6,2,0,0,0,8,0,10,0,40
gradio,2023/8/21,10936,138,18.1,43,5153,4956,105,4,20,20412,20412,0,0,0.3,360,0,1,1469880,4140,0,1,5,4,0,0,0,0,0,381,186,8,145,381,42,py=48996,385,2077,21024,5172,9.5,60396,348,48996,6,2,0,0,0,8,0,10,0,40
gradio,2023/8/28,10913,135,17.9,42,5218,5036,105,4,20,20654,20654,0,0,0.3,363,0,1,1481670,4206,0,1,5,4,0,0,0,0,0,384,186,8,147,384,43,py=49389,389,2101,21273,5220,9.6,60906,354,49389,6,2,0,0,0,8,0,10,0,40
gradio,2023/9/4,10880,133,17.9,42,5191,5016,105,4,20,20583,20583,0,0,0.3,366,0,1,1476480,4192,0,1,5,4,0,0,0,0,0,387,188,8,147,387,44,py=49216,391,2078,21191,5134,9.4,60624,349,49216,6,2,0,0,0,8,0,10,0,40
gradio,2023/9/11,10880,133,17.9,42,5210,5030,105,4,20,20647,20647,0,0,0.3,366,0,1,1480050,4192,0,1,5,4,0,0,0,0,0,387,188,8,147,387,44,py=49335,391,2087,21256,5145,9.4,60772,349,49335,6,2,0,0,0,8,0,10,0,40
gradio,2023/9/18,11049,141,17.8,45,5230,5090,105,4,20,20879,20879,0,0,0.3,379,0,1,1515570,4327,0,1,5,4,0,0,0,0,0,400,189,8,159,400,44,py=50519,395,2078,21487,5172,9.3,62015,354,50519,6,2,0,0,0,8,0,10,0,40
gradio,2023/9/25,11047,141,17.7,46,5275,5128,105,4,20,21032,21032,0,0,0.3,380,0,1,1525020,4369,0,1,5,4,0,0,0,0,0,401,190,8,159,401,44,py=50834,399,2092,21641,5243,9.3,62471,354,50834,6,2,0,0,0,8,0,10,0,64
gradio,2023/10/2,11047,141,17.5,46,5327,5189,105,4,20,21229,21229,0,0,0.3,384,0,1,1536780,4430,0,1,5,4,0,0,0,0,0,405,192,7,162,405,44,py=51226,402,2112,21845,5309,9.4,62987,356,51226,6,2,0,0,0,7,0,10,0,60
gradio,2023/10/9,11047,141,17.5,46,5384,5305,105,4,20,21328,21328,0,0,0.3,384,0,1,1540320,4499,0,1,5,4,0,0,0,0,0,405,192,7,162,405,44,py=51344,404,2113,21948,5291,9.3,63115,360,51344,6,2,0,0,0,7,0,10,0,60
gradio,2023/10/16,11047,141,17.5,46,5397,5316,105,4,20,21371,21371,0,0,0.3,384,0,1,1541580,4500,0,1,5,4,0,0,0,0,0,405,192,7,162,405,44,py=51386,407,2116,21991,5297,9.3,63181,360,51386,6,2,0,0,0,7,0,10,0,63
gradio,2023/10/23,11047,141,17.5,46,5397,5316,105,4,20,21371,21371,0,0,0.3,384,0,1,1541580,4500,0,1,5,4,0,0,0,0,0,405,192,7,162,405,44,py=51386,407,2116,21991,5297,9.3,63181,360,51386,6,2,0,0,0,7,0,10,0,63
gradio,2023/10/30,10862,123,17.8,42,5393,5397,122,5,20,21014,21014,0,0,0.3,374,0,1,1489290,3927,0,1,5,4,0,0,0,0,2,395,170,8,167,395,48,py=49643,420,2083,21498,4702,8.7,61028,356,49643,6,1,0,0,0,8,0,12,0,1
gradio,2023/11/6,10862,123,17.7,42,5450,5478,122,5,20,21191,21191,0,0,0.3,375,0,1,1497090,3990,0,1,5,4,0,0,0,0,2,396,170,8,168,396,48,py=49903,422,2109,21678,4745,8.7,61377,359,49903,6,1,0,0,0,8,0,12,0,1
gradio,2023/11/13,11063,141,17.8,43,5555,5596,122,5,20,21571,21571,0,0,0.3,370,0,1,1523850,4042,0,1,5,4,0,0,0,0,2,391,164,8,170,391,47,py=50795,427,2140,22068,4655,8.4,62237,367,50795,6,1,0,0,0,9,0,12,0,4
gradio,2023/11/20,11126,141,17.9,43,5565,5606,122,5,20,21596,21596,0,0,0.3,371,0,1,1525470,4054,0,1,5,4,0,0,0,0,2,392,164,8,171,392,47,py=50849,427,2142,22093,4657,8.4,62298,367,50849,6,1,0,0,0,9,0,12,0,1
gradio,2023/11/27,11126,141,17.8,43,5572,5615,122,5,20,21657,21657,0,0,0.3,372,0,1,1527630,4059,0,1,5,4,0,0,0,0,2,393,165,8,171,393,47,py=50921,428,2145,22155,4663,8.4,62395,368,50921,6,1,0,0,0,9,0,12,0,1
gradio,2023/12/4,11162,143,17.8,44,5598,5665,112,5,19,21711,21711,0,0,0.3,367,0,1,1533210,4078,0,1,5,4,0,0,0,0,2,387,163,8,172,387,42,py=51107,428,2146,22211,4700,8.4,62631,369,51107,6,1,0,0,0,9,0,12,0,1
gradio,2023/12/11,11085,137,17.5,45,5671,5746,112,5,19,21980,21980,0,0,0.3,367,0,1,1546380,4117,0,1,5,4,0,0,0,0,2,387,163,8,171,387,43,py=51546,428,2171,22480,4729,8.4,63191,376,51546,6,1,0,0,0,11,0,12,0,1
gradio,2023/12/18,11039,135,17.4,43,5708,5782,120,5,20,22103,22103,0,0,0.3,368,0,1,1554360,4151,0,1,5,4,0,0,0,0,2,389,165,7,171,389,44,py=51812,432,2183,22604,4723,8.4,63488,378,51812,6,1,0,0,0,11,0,12,0,1
gradio,2023/12/25,11039,135,17.4,43,5711,5785,120,5,20,22124,22124,0,0,0.3,368,0,1,1555590,4154,0,1,5,4,0,0,0,0,2,389,165,7,171,389,44,py=51853,432,2184,22625,4721,8.3,63528,377,51853,6,1,0,0,0,11,0,12,0,1
gradio,2024/1/1,11039,135,17.4,43,5718,5788,120,5,20,22155,22155,0,0,0.3,368,0,1,1556850,4154,0,1,5,4,0,0,0,0,2,389,165,7,171,389,44,py=51895,432,2188,22656,4722,8.3,63580,377,51895,6,1,0,0,0,11,0,12,0,1
gradio,2024/1/8,11039,135,17.4,43,5720,5784,120,5,20,22176,22176,0,0,0.3,368,0,1,1557720,4143,0,1,5,4,0,0,0,0,2,389,165,7,171,389,44,py=51924,432,2190,22677,4721,8.3,63618,380,51924,6,1,0,0,0,11,0,12,0,1
gradio,2024/1/15,11041,135,17,43,5881,6033,120,5,20,22597,22597,0,0,0.3,378,0,1,1592400,4321,0,1,5,4,0,0,0,0,2,399,169,7,174,399,47,py=53080,439,2223,23132,4808,8.3,65051,383,53080,6,1,0,0,0,11,0,12,0,1
gradio,2024/1/22,11275,147,17.1,47,5940,6125,140,5,24,22836,22836,0,0,0.3,387,0,1,1611120,4517,0,1,5,4,0,0,0,0,2,412,178,7,175,412,50,py=53704,442,2242,23376,4869,8.3,65798,384,53704,6,1,0,0,0,11,0,12,0,1
gradio,2024/1/29,11258,145,17,47,5985,6203,130,5,23,22953,22953,0,0,0.3,384,0,1,1617240,4542,0,1,5,4,0,0,0,0,2,408,171,7,178,408,50,py=53908,441,2250,23559,5219,8.8,66357,384,53908,6,1,0,0,0,10,0,12,0,1
gradio,2024/2/5,11258,145,16.9,47,6026,6259,130,5,23,23134,23134,0,0,0.3,388,0,1,1620390,4577,0,1,5,4,0,0,0,0,2,412,172,7,181,412,50,py=54013,442,2274,23741,5244,8.8,66457,385,54013,6,1,0,0,0,10,0,11,0,1
gradio,2024/2/12,11258,145,16.9,47,6045,6261,130,5,23,23211,23211,0,0,0.3,384,0,1,1629180,4548,0,1,5,4,0,0,0,0,2,408,170,7,180,408,49,py=54306,446,2284,23820,5259,8.8,66808,386,54306,6,1,0,0,0,10,0,11,0,1
gradio,2024/2/19,11258,145,16.8,47,6103,6344,130,5,23,23326,23326,0,0,0.3,386,0,1,1634220,4598,0,1,5,4,0,0,0,0,2,410,169,7,181,410,51,py=54474,447,2289,23936,5278,8.8,67010,387,54474,6,1,0,0,0,10,0,11,0,1
gradio,2024/2/26,11258,145,16.8,47,6112,6353,130,5,23,23354,23354,0,0,0.3,387,0,1,1635780,4603,0,1,5,4,0,0,0,0,2,411,170,7,181,411,51,py=54526,447,2292,23965,5289,8.8,67082,387,54526,6,1,0,0,0,10,0,11,0,1
gradio,2024/3/4,11330,147,16.6,48,6272,6502,140,5,24,23845,23845,0,0,0.3,398,0,1,1660410,4762,0,1,5,4,0,0,0,0,3,423,178,6,185,423,51,py=55347,451,2379,24474,5401,8.9,68199,398,55347,6,1,0,0,0,10,0,11,0,1
gradio,2024/3/11,11324,150,16.4,50,6345,6547,135,5,24,24179,24179,0,0,0.3,401,0,1,1685520,4770,0,1,5,4,0,0,0,0,2,426,175,9,189,426,51,py=56184,453,2415,24816,5465,8.9,69161,400,56184,6,1,0,0,0,10,0,11,0,4
gradio,2024/3/18,11390,157,16.3,51,6473,6673,135,5,24,24486,24486,0,0,0.3,411,0,1,1704090,4855,0,1,5,4,0,0,0,0,2,436,177,9,197,436,51,py=56803,458,2461,25131,5547,8.9,69965,414,56803,6,1,0,0,0,10,0,11,0,4
gradio,2024/3/25,11382,157,16.2,51,6519,6714,135,5,24,24665,24665,0,0,0.3,412,0,1,1710270,4854,0,1,5,4,0,0,0,0,2,437,178,9,197,437,51,py=57009,461,2482,25310,5545,8.9,70223,416,57009,6,1,0,0,0,10,0,11,0,4
gradio,2024/4/1,11466,161,16.1,52,6664,6906,140,5,25,25137,25137,0,0,0.3,421,0,1,1735830,4952,0,1,5,4,0,0,0,0,2,447,184,9,199,447,53,py=57861,466,2533,25795,5626,8.9,71279,416,57861,6,1,0,0,0,10,0,11,0,4
gradio,2024/4/8,11466,161,16.1,52,6670,6916,140,5,25,25161,25161,0,0,0.3,421,0,1,1736730,4957,0,1,5,4,0,0,0,0,2,447,184,9,199,447,53,py=57891,466,2534,25819,5630,8.9,71316,416,57891,6,1,0,0,0,10,0,11,0,4
gradio,2024/4/15,11478,161,16,52,6734,7018,140,5,25,25396,25396,0,0,0.3,428,0,1,1752540,5050,0,1,5,4,0,0,0,0,2,454,187,9,203,454,53,py=58418,470,2552,26055,5650,8.8,71956,426,58418,6,1,0,0,0,14,0,11,0,4
gradio,2024/4/22,11478,161,15.9,52,6754,7023,140,5,25,25456,25456,0,0,0.3,429,0,1,1757130,5052,0,1,5,4,0,0,0,0,2,455,188,9,202,455,54,py=58571,471,2565,26115,5655,8.8,72161,428,58571,6,1,0,0,0,14,0,11,0,3
gradio,2024/4/29,11473,161,15.9,52,6762,7042,140,5,25,25479,25479,0,0,0.3,429,0,1,1758060,5072,0,1,5,4,0,0,0,0,2,455,188,9,202,455,54,py=58602,474,2566,26138,5658,8.8,72198,429,58602,6,1,0,0,0,14,0,11,0,3
gradio,2024/5/6,11697,190,16,60,6845,7140,140,5,25,25794,25794,0,0,0.3,431,0,1,1782780,5100,0,1,5,4,0,0,0,0,2,457,186,9,206,457,54,py=59426,511,2583,26453,5708,8.8,73183,429,59426,6,12,0,0,1,14,0,11,0,34
gradio,2024/5/13,11697,190,15.9,60,6884,7190,140,5,25,25908,25908,0,0,0.3,433,0,1,1789830,5127,0,1,5,4,0,0,0,0,2,459,187,9,207,459,54,py=59661,511,2596,26569,5733,8.8,73484,432,59661,6,12,0,0,1,14,0,11,0,34
gradio,2024/5/20,11697,190,15.9,60,6914,7236,140,5,25,25987,25987,0,0,0.3,436,0,1,1794150,5185,0,1,5,4,0,0,0,0,2,462,188,9,209,462,54,py=59805,512,2597,26648,5739,8.8,73647,432,59805,6,12,0,0,1,14,0,11,0,34
gradio,2024/5/27,11697,190,15.8,60,6946,7263,140,5,25,26092,26092,0,0,0.3,437,0,1,1797600,5180,0,2,10,4,0,0,0,0,2,464,186,9,210,464,57,py=59920,516,2612,26755,5776,8.8,73825,432,59920,6,12,0,0,1,14,0,11,0,34
gradio,2024/6/3,11697,190,15.8,60,6962,7282,140,5,25,26184,26184,0,0,0.3,439,0,1,1806600,5208,0,2,10,4,0,0,0,0,2,466,187,6,213,466,58,py=60220,517,2619,26849,5775,8.8,74164,434,60220,6,12,0,0,1,15,0,11,0,44
gradio,2024/6/10,11777,192,15.8,62,6994,7332,135,5,24,26383,26383,0,0,0.3,442,0,1,1819200,5223,0,2,10,4,0,0,0,0,2,468,188,6,215,468,57,py=60640,519,2633,27048,5785,8.7,74660,435,60640,6,12,0,0,1,15,0,11,0,42
gradio,2024/6/17,11658,188,15.6,58,7013,7356,135,5,24,26427,26427,0,0,0.3,442,0,1,1820730,5220,0,2,10,4,0,0,0,0,2,468,187,6,216,468,57,py=60691,519,2632,27092,5786,8.7,74706,435,60691,6,12,0,0,1,15,0,11,0,44
gradio,2024/6/24,11705,187,15.6,58,7023,7368,135,5,24,26469,26469,0,0,0.3,444,0,1,1825470,5236,0,2,10,4,0,0,0,0,2,470,188,6,217,470,57,py=60849,520,2637,27139,5896,8.8,74993,435,60849,6,12,0,0,1,15,0,11,0,44
gradio,2024/7/1,11774,196,15.6,64,7054,7393,135,5,24,26551,26551,0,0,0.3,445,0,1,1834110,5223,0,2,10,4,0,0,0,0,2,471,189,6,217,471,57,py=61137,523,2631,27226,5950,8.9,75412,434,61137,6,12,0,0,1,17,0,11,0,42
gradio,2024/7/8,11740,193,15.3,65,7199,7569,150,5,27,27070,27070,0,0,0.3,449,0,1,1862970,5287,0,2,10,4,0,0,0,0,2,478,194,6,220,478,56,py=62099,535,2670,27755,6022,8.8,76592,447,62099,6,12,0,0,1,17,0,11,0,41
gradio,2024/7/15,11744,193,15.5,65,7166,7541,145,5,27,26764,26764,0,0,0.3,426,0,1,1845360,5198,0,2,10,4,0,0,0,0,2,455,187,6,215,455,45,py=61512,528,2655,27455,6101,9,75899,445,61512,6,11,0,0,1,17,0,12,0,33
gradio,2024/7/22,11746,193,15.5,65,7193,7570,125,4,25,26813,26813,0,0,0.3,429,0,1,1843680,5215,0,2,10,4,0,0,0,0,0,456,190,6,215,456,45,py=61456,528,2652,27511,6235,9.2,75924,445,61456,6,6,0,0,1,19,0,12,0,6
gradio,2024/7/29,11809,190,15.5,71,7229,7603,125,4,25,27037,27037,0,0,0.3,456,0,1,1854600,5371,0,2,10,4,0,0,0,0,0,483,215,7,216,483,45,py=61820,557,2659,27735,6249,9.2,76112,445,61820,6,6,0,0,1,19,0,13,0,6
gradio,2024/8/5,11828,191,15.5,72,7245,7620,125,4,25,27193,27193,0,0,0.3,471,0,1,1863420,5486,0,2,10,4,0,0,0,0,0,498,230,7,217,498,44,py=62114,565,2673,27891,6273,9.2,76477,446,62114,6,6,0,0,1,19,0,17,0,6
gradio,2024/8/12,11828,191,15.5,72,7246,7620,125,4,25,27203,27203,0,0,0.3,472,0,1,1864110,5487,0,2,10,4,0,0,0,0,0,499,230,7,217,499,45,py=62137,565,2674,27901,6280,9.2,76510,446,62137,6,6,0,0,1,19,0,17,0,6
gradio,2024/8/19,12270,203,15.9,79,7272,7632,125,4,25,27396,27396,0,0,0.3,471,0,1,1875720,5466,0,2,10,4,0,0,0,0,0,498,226,7,217,498,48,py=62524,572,2692,28095,6305,9.2,77010,446,62524,6,6,0,0,1,21,0,14,0,6
