project,version,duplicated_lines,duplicated_blocks,duplicated_lines_density,duplicated_files,complexity,cognitive_complexity,reliability_remediation_effort,reliability_rating,bugs,lines_to_cover,uncovered_lines,line_coverage,coverage,sqale_debt_ratio,code_smells,effort_to_reach_maintainability_rating_a,sqale_rating,development_cost,software_quality_maintainability_remediation_effort,normalized_td,vulnerabilities,security_remediation_effort,security_rating,wont_fix_issues,reopened_issues,false_positive_issues,confirmed_issues,blocker_violations,open_issues,major_violations,info_violations,critical_violations,violations,minor_violations,ncloc_language_distribution,files,functions,statements,comment_lines,comment_lines_density,lines,classes,ncloc,LPL,LM,LSC,LBCL,LC,LLF,LTCE,CCC,LMC,MNC
jumpserver,2022/10/31,879,40,1.3,25,6886,5009,77,5,11,33660,33660,0,0,0.2,514,0,1,1539540,2695,0,5,140,5,0,0,0,0,11,530,156,31,225,530,107,py=51318,1223,3433,33927,2824,5.2,67922,1882,51318,11,8,0,15,12,0,10,26,1,2
jumpserver,2022/11/7,879,40,1.3,25,6937,5060,77,5,11,34032,34032,0,0,0.2,511,0,1,1559400,2699,0,5,140,5,0,0,0,0,11,527,153,29,226,527,108,py=51980,1234,3455,34298,2863,5.2,68775,1923,51980,11,8,0,15,11,0,6,27,1,2
jumpserver,2022/11/14,907,42,1.3,27,7013,5116,77,5,11,34407,34407,0,0,0.2,509,0,1,1586550,2697,0,5,140,5,0,0,0,0,11,525,150,28,227,525,109,py=52885,1253,3496,34671,2853,5.1,69776,1950,52885,11,8,0,15,11,0,6,28,1,2
jumpserver,2022/11/21,907,42,1.3,27,7086,5162,77,5,11,34658,34658,0,0,0.2,510,0,1,1603140,2701,0,5,140,5,0,0,0,0,11,526,152,29,226,526,108,py=53438,1262,3530,34923,2871,5.1,70434,1959,53438,11,7,0,15,10,0,11,26,1,2
jumpserver,2022/11/28,907,42,1.3,27,7270,5387,87,5,12,35270,35270,0,0,0.2,521,0,1,1645170,2810,0,6,170,5,0,0,0,0,13,539,150,30,230,539,116,py=54839,1292,3574,35538,2933,5.1,72216,1977,54839,12,8,0,11,10,0,12,27,1,2
jumpserver,2022/12/5,959,42,1.3,27,7702,5749,92,5,13,36966,36966,0,0,0.2,547,0,1,1708140,3129,0,6,170,5,0,0,0,0,12,566,159,28,246,566,121,py=56938,1320,3772,37231,2953,4.9,74729,2008,56938,11,9,0,13,11,0,12,28,1,2
jumpserver,2022/12/12,959,42,1.3,27,7729,5760,92,5,13,37063,37063,0,0,0.2,546,0,1,1711170,3126,0,6,170,5,0,0,0,0,12,565,159,28,246,565,120,py=57039,1323,3784,37329,2948,4.9,74841,2011,57039,11,9,0,13,12,0,12,27,1,2
jumpserver,2022/12/19,925,40,1.2,24,7834,5840,92,5,13,37446,37446,0,0,0.2,554,0,1,1752510,3295,0,6,170,5,0,0,0,0,12,573,153,26,262,573,120,py=58417,1345,3840,37724,2935,4.8,76383,2045,58417,11,9,0,12,12,0,13,27,1,2
jumpserver,2022/12/26,925,40,1.2,24,7847,5855,92,5,13,37550,37550,0,0,0.2,550,0,1,1761360,3274,0,6,170,5,0,0,0,0,12,569,151,26,261,569,119,py=58712,1351,3841,37829,2943,4.8,76747,2060,58712,11,9,0,13,13,0,12,27,1,2
jumpserver,2023/1/2,925,40,1.2,24,7850,5861,92,5,13,37560,37560,0,0,0.2,550,0,1,1761780,3274,0,6,170,5,0,0,0,0,12,569,151,26,261,569,119,py=58726,1351,3841,37839,2943,4.8,76761,2060,58726,11,9,0,13,13,0,12,27,1,2
jumpserver,2023/1/9,925,40,1.2,24,7850,5861,92,5,13,37560,37560,0,0,0.2,550,0,1,1761780,3274,0,6,170,5,0,0,0,0,12,569,151,26,261,569,119,py=58726,1351,3841,37839,2943,4.8,76761,2060,58726,11,9,0,13,13,0,12,27,1,2
jumpserver,2023/1/16,1357,56,1.7,34,8073,5993,87,5,12,38647,38647,0,0,0.2,556,0,1,1789560,3305,0,6,170,5,0,0,0,0,14,574,155,24,262,574,119,py=59652,1372,3973,38922,2987,4.8,78076,2114,59652,11,8,0,12,10,0,12,29,1,2
jumpserver,2023/1/23,1357,56,1.7,34,8073,5993,87,5,12,38647,38647,0,0,0.2,556,0,1,1789560,3305,0,6,170,5,0,0,0,0,14,574,155,24,262,574,119,py=59652,1372,3973,38922,2987,4.8,78076,2114,59652,11,8,0,12,10,0,12,29,1,2
jumpserver,2023/1/30,1377,58,1.8,35,8161,6092,87,5,12,39012,39012,0,0,0.2,561,0,1,1804440,3331,0,6,170,5,0,0,0,0,14,579,155,24,266,579,120,py=60148,1374,3999,39288,3001,4.8,78664,2127,60148,11,9,0,13,10,0,18,30,1,3
jumpserver,2023/2/6,1333,56,1.7,35,8282,6197,102,5,14,39516,39516,0,0,0.2,554,0,1,1830630,3299,0,6,170,5,0,0,0,0,15,574,153,24,265,574,117,py=61021,1388,4053,39793,2920,4.6,79584,2144,61021,12,10,0,13,9,0,17,30,1,3
jumpserver,2023/2/13,1735,67,2.2,40,8428,6336,92,5,13,40093,40093,0,0,0.2,555,0,1,1852110,3343,0,6,170,5,0,0,0,0,14,574,154,23,267,574,116,py=61737,1392,4116,40372,2947,4.6,80462,2166,61737,13,10,0,14,9,8,17,29,1,3
jumpserver,2023/2/20,1667,66,2.1,38,8532,6445,97,5,14,40430,40430,0,0,0.2,555,0,1,1868040,3381,0,6,170,5,0,0,0,0,14,575,151,22,271,575,117,py=62268,1393,4151,40712,2924,4.5,81039,2176,62268,16,10,0,10,12,6,16,31,1,3
jumpserver,2023/2/27,1623,64,2,37,8559,6482,97,5,14,40500,40500,0,0,0.2,555,0,1,1870710,3407,0,6,170,5,0,0,0,0,14,575,151,22,271,575,117,py=62357,1394,4154,40782,2925,4.5,81143,2177,62357,16,10,0,10,12,6,17,30,1,3
jumpserver,2023/3/6,1593,62,2,35,8622,6554,100,5,15,40750,40750,0,0,0.2,560,0,1,1879410,3432,0,6,170,5,0,0,0,0,14,581,153,22,275,581,117,py=62647,1395,4181,41032,2935,4.5,81471,2178,62647,16,10,0,11,11,6,15,32,1,3
jumpserver,2023/3/13,1593,62,2,35,8645,6575,105,5,16,40866,40866,0,0,0.2,562,0,1,1883610,3454,0,6,170,5,0,0,0,0,14,584,154,22,275,584,119,py=62787,1397,4193,41148,2935,4.5,81631,2182,62787,16,10,0,11,11,8,16,32,1,3
jumpserver,2023/3/20,1593,62,1.9,35,8702,6635,105,5,16,41067,41067,0,0,0.2,561,0,1,1890780,3453,0,6,170,5,0,0,0,0,14,583,153,22,275,583,119,py=63026,1399,4211,41350,2946,4.5,81929,2189,63026,16,10,0,10,11,8,16,32,1,3
jumpserver,2023/3/27,1299,54,1.6,32,8656,6593,105,5,16,40822,40822,0,0,0.2,558,0,1,1878420,3424,0,6,170,5,0,0,0,0,14,580,152,22,273,580,119,py=62614,1396,4184,41105,2932,4.5,81402,2177,62614,16,10,0,10,12,8,16,32,1,3
jumpserver,2023/4/3,1299,54,1.6,32,8697,6631,115,5,17,40962,40962,0,0,0.2,557,0,1,1884960,3422,0,6,170,5,0,0,0,0,15,580,152,22,273,580,118,py=62832,1398,4196,41245,2940,4.5,81677,2180,62832,16,10,0,10,12,8,17,26,1,3
jumpserver,2023/4/10,1329,56,1.6,34,8795,6700,115,5,17,41348,41348,0,0,0.2,559,0,1,1902120,3433,0,6,170,5,0,0,0,0,15,582,152,22,274,582,119,py=63404,1408,4239,41628,2931,4.4,82358,2198,63404,16,10,0,9,12,8,24,36,1,3
jumpserver,2023/4/17,1329,56,1.6,34,8917,6831,105,5,16,41802,41802,0,0,0.2,564,0,1,1956450,3465,0,6,170,5,0,0,0,0,14,586,153,23,276,586,120,py=65215,1414,4281,42082,2957,4.3,84355,2205,65215,16,10,0,10,12,8,24,35,1,3
jumpserver,2023/4/24,1329,56,1.6,34,8893,6800,105,5,16,41739,41739,0,0,0.2,562,0,1,1955220,3452,0,6,170,5,0,0,0,0,14,584,152,22,276,584,120,py=65174,1414,4271,42020,2953,4.3,84290,2203,65174,16,9,0,10,12,8,24,36,1,3
jumpserver,2023/5/1,1329,56,1.6,34,8897,6806,105,5,16,41748,41748,0,0,0.2,563,0,1,1955550,3459,0,6,170,5,0,0,0,0,14,585,152,22,276,585,121,py=65185,1414,4271,42029,2953,4.3,84302,2203,65185,16,9,0,10,12,8,24,36,1,3
jumpserver,2023/5/8,1160,52,1.4,34,8961,6859,105,5,16,42030,42030,0,0,0.2,561,0,1,1967280,3447,0,6,170,5,0,0,0,0,14,583,153,22,274,583,120,py=65576,1419,4297,42311,2963,4.3,84783,2213,65576,16,9,0,11,12,8,24,37,1,3
jumpserver,2023/5/15,1160,52,1.4,34,8976,6872,105,5,16,42065,42065,0,0,0.2,561,0,1,1968570,3447,0,6,170,5,0,0,0,0,14,583,153,22,274,583,120,py=65619,1419,4302,42346,2963,4.3,84830,2212,65619,16,9,0,11,12,8,24,37,1,3
jumpserver,2023/5/22,1160,52,1.4,34,9106,7043,110,5,17,42577,42577,0,0,0.2,567,0,1,1988520,3510,0,6,170,5,0,0,0,0,14,590,154,22,278,590,122,py=66284,1427,4342,42860,2983,4.3,85650,2230,66284,16,9,0,10,11,8,24,36,1,3
jumpserver,2023/5/29,1160,52,1.4,34,9136,7067,110,5,17,42698,42698,0,0,0.2,566,0,1,1993980,3498,0,6,170,5,0,0,0,0,14,589,154,22,277,589,122,py=66466,1428,4356,42981,2986,4.3,85863,2232,66466,16,9,0,10,11,8,25,36,1,3
jumpserver,2023/6/5,1142,52,1.3,34,9188,7115,110,5,17,43005,43005,0,0,0.2,571,0,1,2007330,3515,0,6,170,5,0,0,0,0,14,594,156,22,276,594,126,py=66911,1440,4375,43288,3002,4.3,86451,2259,66911,16,9,0,10,12,8,25,36,1,3
jumpserver,2023/6/12,1199,58,1.4,38,9203,7148,110,5,17,43088,43088,0,0,0.2,571,0,1,2011800,3520,0,6,170,5,0,0,0,0,14,594,155,22,278,594,125,py=67060,1441,4381,43373,3022,4.3,86650,2264,67060,16,9,0,10,13,8,25,36,1,3
jumpserver,2023/6/19,1199,58,1.4,38,9218,7163,110,5,17,43156,43156,0,0,0.2,572,0,1,2014290,3520,0,6,170,5,0,0,0,0,14,595,155,23,278,595,125,py=67143,1443,4385,43441,3028,4.3,86765,2266,67143,16,9,0,10,13,8,24,34,1,3
jumpserver,2023/6/26,1199,58,1.4,38,9203,7155,110,5,17,43097,43097,0,0,0.2,572,0,1,2012970,3520,0,6,170,5,0,0,0,0,14,595,155,23,278,595,125,py=67099,1443,4379,43382,3028,4.3,86714,2266,67099,16,9,0,10,13,8,24,34,1,3
jumpserver,2023/7/3,1199,58,1.4,38,9220,7181,110,5,17,43148,43148,0,0,0.2,571,0,1,2015940,3517,0,6,170,5,0,0,0,0,14,594,155,23,278,594,124,py=67198,1443,4381,43433,3024,4.3,86821,2266,67198,16,10,0,10,12,8,25,35,1,3
jumpserver,2023/7/10,1201,58,1.4,38,9239,7206,110,5,17,43331,43331,0,0,0.2,574,0,1,2026980,3541,0,6,170,5,0,0,0,0,14,597,156,23,280,597,124,py=67566,1451,4392,43616,3030,4.3,87268,2278,67566,16,10,0,10,12,8,25,35,1,3
jumpserver,2023/7/17,1201,58,1.4,38,9263,7238,105,5,16,43416,43416,0,0,0.2,573,0,1,2030970,3545,0,6,170,5,0,0,0,0,14,595,157,23,280,595,121,py=67699,1452,4398,43701,3036,4.3,87416,2279,67699,16,10,0,10,12,8,25,33,1,3
jumpserver,2023/7/24,1201,58,1.4,38,9306,7284,285,5,34,43578,43578,0,0,0.2,575,0,1,2037690,3551,0,6,170,5,0,0,0,0,32,615,159,23,280,615,121,py=67923,1456,4408,43863,3081,4.3,87662,2284,67923,16,10,0,10,13,8,24,35,1,3
jumpserver,2023/7/31,1181,56,1.3,36,9473,7384,285,5,34,44258,44258,0,0,0.2,584,0,1,2064720,3601,0,6,170,5,0,0,0,0,32,624,162,25,283,624,122,py=68824,1476,4506,44557,3139,4.4,88866,2310,68824,16,10,0,11,11,8,24,35,2,3
jumpserver,2023/8/7,1181,56,1.3,36,9568,7470,285,5,34,44669,44669,0,0,0.2,588,0,1,2083260,3620,0,6,170,5,0,0,0,0,32,628,166,25,283,628,122,py=69442,1484,4533,44967,3150,4.3,89584,2317,69442,17,10,0,10,12,8,24,33,2,3
jumpserver,2023/8/14,1181,56,1.3,36,9583,7481,285,5,34,44724,44724,0,0,0.2,589,0,1,2086320,3625,0,6,170,5,0,0,0,0,32,629,166,25,283,629,123,py=69544,1483,4535,45023,3157,4.3,89713,2323,69544,17,10,0,11,12,8,23,30,2,2
jumpserver,2023/8/21,1181,56,1.3,36,9600,7491,285,5,34,44777,44777,0,0,0.2,591,0,1,2088600,3635,0,6,170,5,0,0,0,0,32,631,168,25,283,631,123,py=69620,1483,4542,45077,3161,4.3,89808,2324,69620,17,10,0,11,12,8,23,30,2,2
jumpserver,2023/8/28,1181,56,1.3,36,9640,7531,285,5,34,44938,44938,0,0,0.2,595,0,1,2095920,3656,0,6,170,5,0,0,0,0,32,635,170,25,286,635,122,py=69864,1486,4556,45238,3165,4.3,90109,2333,69864,17,10,0,12,12,8,23,31,2,2
jumpserver,2023/9/4,1181,56,1.3,36,9655,7544,285,5,34,45002,45002,0,0,0.2,596,0,1,2099040,3659,0,6,170,5,0,0,0,0,32,636,171,25,285,636,123,py=69968,1488,4562,45302,3179,4.3,90249,2334,69968,17,10,0,13,12,8,23,31,2,2
jumpserver,2023/9/11,1229,58,1.3,38,9786,7652,285,5,34,45674,45674,0,0,0.2,602,0,1,2127420,3687,0,6,170,5,0,0,0,0,32,642,171,26,287,642,126,py=70914,1509,4615,45976,3184,4.3,91427,2368,70914,18,10,0,14,11,10,23,37,2,2
jumpserver,2023/9/18,1229,58,1.3,38,9805,7665,285,5,34,45778,45778,0,0,0.2,603,0,1,2131770,3689,0,6,170,5,0,0,0,0,32,643,171,26,288,643,126,py=71059,1510,4626,46080,3187,4.3,91600,2371,71059,18,10,0,14,11,10,21,37,2,2
jumpserver,2023/9/25,1229,58,1.3,38,9832,7686,285,5,34,45877,45877,0,0,0.2,602,0,1,2135400,3684,0,6,170,5,0,0,0,0,32,642,170,26,288,642,126,py=71180,1513,4632,46179,3189,4.3,91758,2375,71180,18,10,0,14,11,10,21,37,2,2
jumpserver,2023/10/2,1229,58,1.3,38,9848,7693,285,5,34,45947,45947,0,0,0.2,601,0,1,2138070,3679,0,6,170,5,0,0,0,0,32,641,170,26,288,641,125,py=71269,1513,4642,46249,3191,4.3,91869,2377,71269,19,10,0,14,11,10,21,37,2,2
jumpserver,2023/10/9,1229,58,1.3,38,9907,7742,290,5,35,46251,46251,0,0,0.2,600,0,1,2150700,3672,0,6,170,5,0,0,0,0,32,641,169,26,289,641,125,py=71690,1525,4667,46552,3184,4.3,92392,2384,71690,19,10,0,14,11,10,21,36,2,2
jumpserver,2023/10/16,1229,58,1.3,38,9932,7773,285,5,34,46376,46376,0,0,0.2,602,0,1,2157210,3691,0,6,170,5,0,0,0,0,32,642,168,26,291,642,125,py=71907,1528,4672,46677,3185,4.2,92649,2392,71907,19,10,0,13,11,10,20,37,2,1
jumpserver,2023/10/23,1231,58,1.3,38,9954,7785,285,5,34,46487,46487,0,0,0.2,601,0,1,2162250,3682,0,6,170,5,0,0,0,0,32,641,168,26,290,641,125,py=72075,1532,4684,46788,3185,4.2,92861,2398,72075,20,9,0,14,11,10,20,36,2,1
jumpserver,2023/10/30,1199,56,1.3,36,9963,7806,285,5,34,46543,46543,0,0,0.2,601,0,1,2165820,3704,0,6,170,5,0,0,0,0,32,641,168,26,291,641,124,py=72194,1535,4685,46844,3188,4.2,93009,2404,72194,20,9,0,14,11,10,20,36,2,1
jumpserver,2023/11/6,1199,56,1.3,36,10000,7832,285,5,34,46733,46733,0,0,0.2,599,0,1,2175600,3697,0,6,170,5,0,0,0,0,32,639,167,26,290,639,124,py=72520,1539,4702,47036,3207,4.2,93420,2414,72520,19,9,0,14,11,10,20,36,2,1
jumpserver,2023/11/13,1199,56,1.3,36,10019,7863,285,5,34,46815,46815,0,0,0.2,597,0,1,2178690,3690,0,6,170,5,0,0,0,0,32,637,165,26,290,637,124,py=72623,1540,4708,47117,3206,4.2,93526,2417,72623,19,9,0,14,11,10,20,36,2,1
jumpserver,2023/11/20,1199,56,1.3,36,10039,7894,295,5,35,46880,46880,0,0,0.2,595,0,1,2180850,3676,0,6,170,5,0,0,0,0,33,636,164,26,289,636,124,py=72695,1540,4713,47182,3202,4.2,93604,2416,72695,19,9,0,14,11,10,21,36,2,1
jumpserver,2023/11/27,1199,56,1.3,36,10154,7978,295,5,35,47529,47529,0,0,0.2,598,0,1,2208030,3700,0,6,170,5,0,0,0,0,33,639,165,26,291,639,124,py=73601,1563,4774,47834,3212,4.2,94743,2456,73601,19,10,0,16,11,10,21,29,2,1
jumpserver,2023/12/4,1219,58,1.3,38,10231,8030,285,5,34,47986,47986,0,0,0.2,606,0,1,2228520,3747,0,6,170,5,0,0,0,0,32,646,166,26,297,646,125,py=74284,1579,4810,48291,3217,4.2,95579,2481,74284,19,10,0,17,11,9,20,35,2,1
jumpserver,2023/12/11,1219,58,1.3,38,10273,8071,285,5,34,48172,48172,0,0,0.2,607,0,1,2242380,3753,0,6,170,5,0,0,0,0,32,647,166,26,298,647,125,py=74746,1583,4823,48477,3221,4.1,96093,2489,74746,19,10,0,17,12,8,18,36,2,1
jumpserver,2023/12/18,1221,58,1.3,38,10317,8110,285,5,34,48304,48304,0,0,0.2,608,0,1,2247420,3762,0,6,170,5,0,0,0,0,32,648,165,27,300,648,124,py=74914,1584,4841,48609,3214,4.1,96298,2492,74914,17,10,0,16,12,7,19,35,2,0
jumpserver,2023/12/25,1221,58,1.3,38,10322,8117,285,5,34,48320,48320,0,0,0.2,608,0,1,2248200,3762,0,6,170,5,0,0,0,0,32,648,165,27,300,648,124,py=74940,1584,4842,48625,3216,4.1,96325,2492,74940,17,10,0,16,12,7,19,35,2,0
jumpserver,2024/1/1,1221,58,1.3,38,10377,8144,280,5,33,48518,48518,0,0,0.2,606,0,1,2256450,3752,0,6,170,5,0,0,0,0,32,645,162,27,300,645,124,py=75215,1585,4872,48824,3212,4.1,96658,2499,75215,17,10,0,15,13,7,20,35,2,0
jumpserver,2024/1/8,1221,58,1.3,38,10419,8190,280,5,33,48687,48687,0,0,0.2,605,0,1,2263560,3752,0,6,170,5,0,0,0,0,32,644,162,26,300,644,124,py=75452,1587,4883,48992,3212,4.1,96925,2502,75452,17,10,0,15,13,7,20,36,2,0
jumpserver,2024/1/15,1221,58,1.3,38,10427,8201,280,5,33,48721,48721,0,0,0.2,606,0,1,2265000,3752,0,6,170,5,0,0,0,0,32,645,162,27,300,645,124,py=75500,1588,4884,49026,3214,4.1,96980,2503,75500,17,10,0,15,13,7,19,34,2,0
jumpserver,2024/1/22,1221,58,1.3,38,10455,8223,280,5,33,48833,48833,0,0,0.2,607,0,1,2269020,3757,0,6,170,5,0,0,0,0,32,646,162,27,301,646,124,py=75634,1588,4898,49139,3219,4.1,97143,2503,75634,17,10,0,15,13,8,18,34,2,0
jumpserver,2024/1/29,1221,58,1.3,38,10467,8235,285,5,34,48869,48869,0,0,0.2,605,0,1,2269650,3752,0,6,170,5,0,0,0,0,32,645,163,26,300,645,124,py=75655,1595,4902,49175,3219,4.1,97193,2507,75655,17,10,0,15,13,7,20,36,2,0
jumpserver,2024/2/5,1221,58,1.3,38,10538,8263,280,5,33,49146,49146,0,0,0.2,608,0,1,2280960,3763,0,6,170,5,0,0,0,0,32,647,162,27,302,647,124,py=76032,1592,4947,49453,3222,4.1,97668,2523,76032,17,10,0,14,14,8,17,36,2,0
jumpserver,2024/2/12,1221,58,1.3,38,10538,8263,280,5,33,49146,49146,0,0,0.2,608,0,1,2280960,3763,0,6,170,5,0,0,0,0,32,647,162,27,302,647,124,py=76032,1592,4947,49453,3222,4.1,97668,2523,76032,17,10,0,14,14,8,17,36,2,0
jumpserver,2024/2/19,1221,58,1.2,38,10547,8298,285,5,34,49207,49207,0,0,0.2,608,0,1,2283240,3763,0,6,170,5,0,0,0,0,32,648,163,27,302,648,124,py=76108,1600,4940,49514,3224,4.1,97739,2514,76108,17,10,0,15,14,8,17,36,2,0
jumpserver,2024/2/26,1221,58,1.2,38,10547,8298,285,5,34,49207,49207,0,0,0.2,608,0,1,2283330,3763,0,6,170,5,0,0,0,0,32,648,163,27,302,648,124,py=76111,1600,4940,49514,3224,4.1,97742,2514,76111,17,10,0,15,14,8,17,36,2,0
jumpserver,2024/3/4,1221,58,1.2,38,10572,8303,280,5,33,49303,49303,0,0,0.2,607,0,1,2286720,3740,0,6,170,5,0,0,0,0,32,646,160,28,302,646,124,py=76224,1593,4957,49610,3229,4.1,97903,2526,76224,17,10,0,14,14,8,17,37,2,0
jumpserver,2024/3/11,1221,58,1.2,38,10563,8309,285,5,34,49248,49248,0,0,0.2,611,0,1,2285790,3785,0,6,170,5,0,0,0,0,34,651,163,27,302,651,125,py=76193,1600,4946,49555,3220,4.1,97831,2515,76193,17,10,0,15,14,8,17,36,2,0
jumpserver,2024/3/18,1221,58,1.2,38,10563,8309,285,5,34,49248,49248,0,0,0.2,611,0,1,2285730,3785,0,6,170,5,0,0,0,0,34,651,163,27,302,651,125,py=76191,1600,4946,49555,3220,4.1,97828,2515,76191,17,10,0,15,14,8,17,36,2,0
jumpserver,2024/3/25,1221,58,1.2,38,10625,8312,280,5,33,49649,49649,0,0,0.2,603,0,1,2300850,3706,0,6,170,5,0,0,0,0,32,642,160,27,301,642,122,py=76695,1602,4992,49956,3230,4,98537,2557,76695,16,9,0,13,14,8,19,36,2,0
jumpserver,2024/4/1,1221,58,1.2,38,10639,8329,280,5,33,49702,49702,0,0,0.2,604,0,1,2302800,3710,0,6,170,5,0,0,0,0,32,643,161,28,301,643,121,py=76760,1602,4995,50009,3232,4,98618,2560,76760,16,9,0,13,13,8,19,35,2,0
jumpserver,2024/4/8,1221,58,1.2,38,10709,8378,285,5,34,49948,49948,0,0,0.2,608,0,1,2312220,3723,0,6,170,5,0,0,0,0,33,648,164,28,301,648,122,py=77074,1605,5029,50257,3246,4,99016,2564,77074,16,9,0,13,13,8,18,34,2,0
jumpserver,2024/4/15,1215,58,1.2,38,10720,8387,285,5,34,49982,49982,0,0,0.2,608,0,1,2313630,3728,0,6,170,5,0,0,0,0,33,648,164,27,301,648,123,py=77121,1607,5032,50291,3247,4,99070,2564,77121,16,9,0,13,13,8,18,34,2,0
jumpserver,2024/4/22,1221,58,1.2,38,10562,8307,285,5,34,49248,49248,0,0,0.2,611,0,1,2286120,3785,0,6,170,5,0,0,0,0,34,651,163,27,302,651,125,py=76204,1600,4946,49555,3222,4.1,97844,2515,76204,17,10,0,15,14,8,17,36,2,0
jumpserver,2024/4/29,1215,58,1.2,38,10842,8505,290,5,35,50471,50471,0,0,0.2,611,0,1,2332440,3768,0,6,170,5,0,0,0,0,35,652,165,27,300,652,125,py=77748,1625,5084,50780,3255,4,99848,2574,77748,16,9,0,12,12,8,18,34,2,0
jumpserver,2024/5/6,1215,58,1.2,38,10842,8505,290,5,35,50471,50471,0,0,0.2,611,0,1,2332650,3768,0,6,170,5,0,0,0,0,35,652,165,27,300,652,125,py=77755,1625,5084,50780,3255,4,99855,2574,77755,16,9,0,12,12,8,18,34,2,0
jumpserver,2024/5/13,470,26,0.6,11,10303,7834,287,5,34,45927,45927,0,0,0.2,558,0,1,1928580,3587,0,6,170,5,0,0,0,0,35,598,154,25,273,598,111,py=64286,1136,4915,46233,2682,4,82342,2081,64286,16,7,0,13,8,8,10,26,2,0
jumpserver,2024/5/20,1215,58,1.2,38,10787,8458,285,5,34,50238,50238,0,0,0.2,609,0,1,2322720,3751,0,6,170,5,0,0,0,0,33,649,165,27,300,649,124,py=77424,1616,5059,50547,3252,4,99458,2567,77424,16,9,0,12,11,8,18,35,2,0
jumpserver,2024/5/27,470,26,0.6,11,10350,7864,295,5,36,46148,46148,0,0,0.2,566,0,1,1947150,3614,0,6,170,5,0,0,0,0,35,608,157,26,272,608,118,py=64905,1144,4939,46454,2691,4,83082,2091,64905,17,8,0,12,8,8,10,26,2,0
jumpserver,2024/6/3,1215,58,1.2,38,10795,8471,285,5,34,50269,50269,0,0,0.2,609,0,1,2324610,3759,0,6,170,5,0,0,0,0,33,649,165,27,300,649,124,py=77487,1617,5060,50578,3254,4,99536,2568,77487,16,9,0,12,11,8,18,35,2,0
jumpserver,2024/6/10,470,26,0.6,11,10359,7874,295,5,36,46155,46155,0,0,0.2,566,0,1,1949490,3614,0,6,170,5,0,0,0,0,35,608,157,26,272,608,118,py=64983,1145,4940,46461,2693,4,83175,2092,64983,17,8,0,12,8,8,10,26,2,0
jumpserver,2024/6/17,470,26,0.6,11,10363,7878,295,5,36,46172,46172,0,0,0.2,567,0,1,1952370,3626,0,6,170,5,0,0,0,0,35,609,157,27,272,609,118,py=65079,1145,4941,46480,2707,4,83293,2092,65079,17,8,0,12,8,8,10,26,2,0
jumpserver,2024/6/24,470,26,0.6,11,10413,7938,295,5,36,46347,46347,0,0,0.2,571,0,1,1960260,3660,0,6,170,5,0,0,0,0,35,613,160,27,273,613,118,py=65342,1145,4959,46655,2710,4,83609,2100,65342,17,8,0,12,7,8,10,27,2,0
jumpserver,2024/7/1,470,26,0.6,11,10440,7956,290,5,35,46439,46439,0,0,0.2,570,0,1,1989780,3654,0,6,170,5,0,0,0,0,35,611,158,27,272,611,119,py=66326,1144,4972,46747,2707,3.9,84605,2101,66326,17,8,0,12,7,8,10,28,2,0
jumpserver,2024/7/8,426,22,0.5,10,10472,7987,285,5,34,46540,46540,0,0,0.2,570,0,1,1994550,3654,0,6,170,5,0,0,0,0,35,610,157,27,272,610,119,py=66485,1145,4983,46849,2720,3.9,84803,2103,66485,17,8,0,12,7,8,10,28,2,0
jumpserver,2024/7/15,426,22,0.5,10,10479,7991,285,5,34,46599,46599,0,0,0.2,570,0,1,1996740,3654,0,6,170,5,0,0,0,0,35,610,157,27,272,610,119,py=66558,1150,4984,46908,2723,3.9,84910,2103,66558,17,8,0,12,7,8,10,34,2,0
jumpserver,2024/7/22,426,22,0.5,10,10472,7984,285,5,34,46586,46586,0,0,0.2,571,0,1,1996590,3659,0,6,170,5,0,0,0,0,35,611,157,27,272,611,120,py=66553,1150,4984,46895,2723,3.9,84906,2105,66553,17,8,0,12,7,8,10,34,2,0
jumpserver,2024/7/29,426,22,0.5,10,10510,8017,285,5,34,46825,46825,0,0,0.2,569,0,1,2008800,3658,0,6,170,5,0,0,0,0,35,609,157,26,271,609,120,py=66960,1160,5001,47134,2730,3.9,85394,2114,66960,17,8,0,12,7,8,10,35,2,0
jumpserver,2024/8/5,426,22,0.5,10,10514,8023,285,5,34,46835,46835,0,0,0.2,568,0,1,2009340,3653,0,6,170,5,0,0,0,0,35,608,157,26,271,608,119,py=66978,1160,5006,47144,2730,3.9,85417,2114,66978,17,8,0,12,7,8,10,35,2,0
jumpserver,2024/8/12,426,22,0.5,10,10531,8037,285,5,34,46911,46911,0,0,0.2,569,0,1,2011890,3658,0,6,170,5,0,0,0,0,35,609,157,26,271,609,120,py=67063,1162,5011,47220,2732,3.9,85522,2118,67063,17,8,0,12,7,8,10,35,2,0
jumpserver,2024/8/19,426,22,0.5,10,10483,7998,285,5,34,46704,46704,0,0,0.2,568,0,1,2003580,3653,0,6,170,5,0,0,0,0,35,608,156,26,271,608,120,py=66786,1158,4987,47012,2730,3.9,85193,2113,66786,17,8,0,12,7,8,10,35,2,0
jumpserver,2024/8/26,426,22,0.5,10,10506,8017,285,5,34,46805,46805,0,0,0.2,568,0,1,2007810,3653,0,6,170,5,0,0,0,0,35,608,156,26,271,608,120,py=66927,1161,4994,47113,2731,3.9,85374,2115,66927,17,8,0,12,7,8,10,34,2,0
jumpserver,2024/9/2,426,22,0.5,10,10513,8024,285,5,34,46850,46850,0,0,0.2,567,0,1,2009400,3648,0,6,170,5,0,0,0,0,35,607,156,26,271,607,119,py=66980,1161,4996,47158,2731,3.9,85438,2115,66980,17,9,0,12,7,8,10,34,2,0
jumpserver,2024/9/9,424,22,0.5,11,10586,8095,287,5,34,47168,47168,0,0,0.2,569,0,1,2033850,3662,0,6,170,5,0,0,0,0,35,609,155,26,272,609,121,py=67795,1166,5025,47478,2740,3.9,86352,2131,67795,17,10,0,13,7,8,10,35,2,0
jumpserver,2024/9/16,424,22,0.5,11,10620,8126,287,5,34,47307,47307,0,0,0.2,572,0,1,2038500,3668,0,6,170,5,0,0,0,0,35,612,155,26,273,612,123,py=67950,1166,5038,47617,2745,3.9,86536,2132,67950,17,10,0,13,7,8,10,35,2,0
jumpserver,2024/9/23,424,22,0.5,11,10638,8141,287,5,34,47379,47379,0,0,0.2,572,0,1,2041770,3670,0,6,170,5,0,0,0,0,35,612,155,26,273,612,123,py=68059,1167,5045,47689,2746,3.9,86673,2133,68059,17,10,0,13,7,8,10,35,2,0
jumpserver,2024/9/30,424,22,0.5,11,10638,8141,287,5,34,47379,47379,0,0,0.2,572,0,1,2041770,3670,0,6,170,5,0,0,0,0,35,612,155,26,273,612,123,py=68059,1167,5045,47689,2746,3.9,86673,2133,68059,17,10,0,13,7,8,10,35,2,0
jumpserver,2024/10/7,424,22,0.5,11,10640,8143,287,5,34,47384,47384,0,0,0.2,572,0,1,2041920,3670,0,6,170,5,0,0,0,0,35,612,155,26,273,612,123,py=68064,1167,5046,47694,2747,3.9,86681,2133,68064,17,10,0,13,7,8,10,35,2,0
jumpserver,2024/10/14,424,22,0.5,11,10643,8146,287,5,34,47396,47396,0,0,0.2,576,0,1,2042550,3684,0,6,170,5,0,0,0,0,37,616,155,26,273,616,125,py=68085,1167,5047,47706,2748,3.9,86700,2133,68085,17,10,0,13,7,8,10,35,2,0
jumpserver,2024/10/21,424,22,0.5,11,10800,8271,287,5,34,48032,48032,0,0,0.2,590,0,1,2063010,3769,0,6,170,5,0,0,0,0,37,630,156,26,282,630,129,py=68767,1178,5151,48342,2763,3.9,87556,2146,68767,17,10,0,12,7,8,10,34,2,0
jumpserver,2024/10/28,424,22,0.5,11,10804,8272,287,5,34,48061,48061,0,0,0.2,591,0,1,2064180,3774,0,6,170,5,0,0,0,0,37,631,156,26,282,631,130,py=68806,1178,5153,48371,2766,3.9,87607,2146,68806,17,10,0,12,7,8,10,34,2,0
jumpserver,2024/11/4,424,22,0.5,11,10831,8302,287,5,34,48243,48243,0,0,0.2,593,0,1,2073180,3781,0,6,170,5,0,0,0,0,37,633,157,26,282,633,131,py=69106,1183,5162,48554,2775,3.9,87961,2161,69106,17,10,0,14,7,8,10,33,2,0
jumpserver,2024/11/11,424,22,0.5,11,10942,8352,292,5,35,48728,48728,0,0,0.2,597,0,1,2091240,3816,0,6,170,5,0,0,0,0,37,638,158,26,284,638,133,py=69708,1192,5234,49039,2786,3.8,88753,2185,69708,17,10,0,15,7,8,10,34,2,0
jumpserver,2024/11/18,424,22,0.5,11,10972,8368,292,5,35,48853,48853,0,0,0.2,603,0,1,2096250,3851,0,6,170,5,0,0,0,0,37,644,159,27,284,644,137,py=69875,1192,5251,49164,2788,3.8,88957,2190,69875,17,10,0,15,8,8,10,34,2,0
jumpserver,2024/11/25,424,22,0.5,11,10975,8370,292,5,35,48860,48860,0,0,0.2,602,0,1,2096730,3845,0,6,170,5,0,0,0,0,37,643,159,27,283,643,137,py=69891,1192,5252,49171,2789,3.8,88970,2190,69891,17,9,0,15,8,8,11,34,2,0
jumpserver,2024/12/2,424,22,0.5,11,10991,8386,292,5,35,48947,48947,0,0,0.2,601,0,1,2100540,3830,0,6,170,5,0,0,0,0,37,642,158,26,283,642,138,py=70018,1200,5258,49259,2800,3.8,89136,2195,70018,17,9,0,15,8,8,11,34,2,0
jumpserver,2024/12/9,552,24,0.6,13,11050,8436,292,5,35,49206,49206,0,0,0.2,608,0,1,2113920,3869,0,6,170,5,0,0,0,0,37,649,159,26,288,649,139,py=70464,1204,5284,49513,2783,3.8,89649,2206,70464,17,9,0,14,8,8,10,33,2,0
jumpserver,2024/12/16,552,24,0.6,13,11067,8448,292,5,35,49286,49286,0,0,0.2,609,0,1,2116830,3891,0,6,170,5,0,0,0,0,37,650,160,26,288,650,139,py=70561,1204,5290,49593,2783,3.8,89766,2211,70561,17,9,0,14,8,8,10,33,2,0
jumpserver,2024/12/23,552,24,0.6,13,11069,8450,292,5,35,49287,49287,0,0,0.2,609,0,1,2116860,3891,0,6,170,5,0,0,0,0,37,650,160,26,288,650,139,py=70562,1204,5290,49594,2783,3.8,89765,2211,70562,17,9,0,14,8,8,10,33,2,0
jumpserver,2024/12/30,552,24,0.6,13,11069,8450,292,5,35,49287,49287,0,0,0.2,609,0,1,2116860,3891,0,6,170,5,0,0,0,0,37,650,160,26,288,650,139,py=70562,1204,5290,49594,2783,3.8,89765,2211,70562,17,9,0,15,8,8,10,33,2,0
jumpserver,2025/1/6,552,24,0.6,13,11072,8452,292,5,35,49302,49302,0,0,0.2,609,0,1,2117370,3891,0,6,170,5,0,0,0,0,37,650,160,26,288,650,139,py=70579,1204,5292,49609,2783,3.8,89786,2212,70579,17,9,0,15,8,8,10,33,2,0
jumpserver,2025/1/13,552,24,0.6,13,11074,8454,292,5,35,49308,49308,0,0,0.2,609,0,1,2117640,3891,0,6,170,5,0,0,0,0,37,650,160,26,288,650,139,py=70588,1204,5292,49615,2783,3.8,89795,2212,70588,17,9,0,15,8,8,10,33,2,0
jumpserver,2025/1/20,552,24,0.6,13,11076,8457,292,5,35,49308,49308,0,0,0.2,609,0,1,2117460,3891,0,6,170,5,0,0,0,0,37,650,160,26,288,650,139,py=70582,1204,5292,49615,2783,3.8,89790,2212,70582,17,9,0,15,8,8,10,33,2,0
jumpserver,2025/1/27,552,24,0.6,13,11076,8457,292,5,35,49308,49308,0,0,0.2,609,0,1,2117460,3891,0,6,170,5,0,0,0,0,37,650,160,26,288,650,139,py=70582,1204,5292,49615,2783,3.8,89790,2212,70582,17,9,0,15,8,8,10,33,2,0
jumpserver,2025/2/3,552,24,0.6,13,11074,8455,292,5,35,49307,49307,0,0,0.2,609,0,1,2117520,3891,0,6,170,5,0,0,0,0,37,650,160,26,288,650,139,py=70584,1204,5292,49614,2783,3.8,89792,2212,70584,17,9,0,15,8,8,10,33,2,0
jumpserver,2025/2/10,552,24,0.6,13,11079,8462,292,5,35,49350,49350,0,0,0.2,611,0,1,2119560,3902,0,6,170,5,0,0,0,0,37,652,160,26,289,652,140,py=70652,1204,5293,49657,2783,3.8,89870,2215,70652,17,9,0,16,8,8,10,33,2,0
jumpserver,2025/2/17,791,40,0.8,18,11558,8802,297,5,36,51325,51325,0,0,0.2,635,0,1,2242080,4079,0,6,170,5,0,0,0,0,37,677,163,25,304,677,148,py=74736,1256,5522,51637,2927,3.8,94803,2306,74736,16,10,0,14,8,7,11,33,2,0
jumpserver,2025/2/24,793,39,0.8,14,11564,8810,297,5,36,51251,51251,0,0,0.2,640,0,1,2230890,4121,0,6,170,5,0,0,0,0,36,682,163,25,310,682,148,py=74363,1232,5523,51563,2903,3.8,94263,2282,74363,16,9,0,15,9,7,11,33,2,0
jumpserver,2025/3/3,793,39,0.8,14,11577,8821,297,5,36,51298,51298,0,0,0.2,640,0,1,2233560,4121,0,6,170,5,0,0,0,0,36,682,163,25,310,682,148,py=74452,1233,5528,51610,2904,3.8,94377,2284,74452,16,9,0,15,9,7,11,33,2,0
jumpserver,2025/3/10,793,39,0.8,14,11595,8841,297,5,36,51366,51366,0,0,0.2,639,0,1,2235630,4119,0,6,170,5,0,0,0,0,36,681,164,25,310,681,146,py=74521,1236,5537,51678,2909,3.8,94490,2290,74521,16,9,0,16,9,7,11,32,2,0
jumpserver,2025/3/17,793,39,0.8,14,11614,8866,287,5,35,51486,51486,0,0,0.2,640,0,1,2240100,4132,0,6,170,5,0,0,0,0,35,681,165,25,310,681,146,py=74670,1236,5546,51798,2910,3.8,94668,2294,74670,16,9,0,16,9,7,11,32,2,0
jumpserver,2025/3/24,793,39,0.8,14,11643,8886,287,5,35,51591,51591,0,0,0.2,640,0,1,2244150,4137,0,6,170,5,0,0,0,0,35,681,166,24,310,681,146,py=74805,1238,5559,51904,2917,3.8,94845,2296,74805,18,9,0,14,9,7,11,33,2,0
jumpserver,2025/3/31,793,39,0.8,14,11643,8886,287,5,35,51591,51591,0,0,0.2,640,0,1,2244150,4137,0,6,170,5,0,0,0,0,35,681,166,24,310,681,146,py=74805,1238,5559,51904,2917,3.8,94845,2296,74805,18,9,0,14,9,7,11,33,2,0
jumpserver,2025/4/7,793,39,0.8,14,11666,8918,287,5,35,51686,51686,0,0,0.2,642,0,1,2256510,4149,0,6,170,5,0,0,0,0,35,683,168,23,309,683,148,py=75217,1244,5569,52001,2925,3.7,95310,2304,75217,19,9,0,14,10,7,11,32,2,0
jumpserver,2025/4/14,793,39,0.8,14,11711,8956,287,5,35,51847,51847,0,0,0.2,642,0,1,2262570,4149,0,6,170,5,0,0,0,0,35,683,168,23,309,683,148,py=75419,1244,5582,52164,2934,3.7,95562,2310,75419,20,9,0,15,9,7,11,32,2,0
jumpserver,2025/4/21,793,39,0.8,14,11767,9029,287,5,35,52114,52114,0,0,0.2,645,0,1,2278800,4195,0,6,170,5,0,0,0,0,35,686,169,23,311,686,148,py=75960,1256,5604,52435,2974,3.8,96273,2319,75960,20,10,0,15,9,7,11,32,2,0
jumpserver,2025/4/28,793,39,0.8,14,11771,9033,287,5,35,52129,52129,0,0,0.2,645,0,1,2279670,4195,0,6,170,5,0,0,0,0,35,686,169,23,311,686,148,py=75989,1256,5605,52450,2974,3.8,96308,2319,75989,20,10,0,15,9,7,11,32,2,0
jumpserver,2025/5/5,793,39,0.8,14,11798,9053,287,5,35,52293,52293,0,0,0.2,647,0,1,2287860,4208,0,6,170,5,0,0,0,0,35,688,169,23,313,688,148,py=76262,1260,5621,52614,2978,3.8,96640,2328,76262,20,10,0,14,9,7,11,32,2,0
jumpserver,2025/5/12,793,39,0.8,14,11810,9066,287,5,35,52336,52336,0,0,0.2,647,0,1,2290020,4208,0,6,170,5,0,0,0,0,35,688,169,23,313,688,148,py=76334,1262,5625,52657,2980,3.8,96732,2330,76334,20,10,0,14,9,7,11,32,2,0
jumpserver,2025/5/19,793,39,0.8,14,11815,9075,287,5,35,52352,52352,0,0,0.2,650,0,1,2290710,4217,0,6,170,5,0,0,0,0,35,691,172,23,313,691,148,py=76357,1262,5625,52673,2981,3.8,96759,2330,76357,20,10,0,14,9,7,11,32,2,0
jumpserver,2025/5/26,795,39,0.8,14,11827,9084,287,5,35,52397,52397,0,0,0.2,649,0,1,2292480,4212,0,6,170,5,0,0,0,0,35,690,171,23,313,690,148,py=76416,1262,5630,52719,2987,3.8,96832,2332,76416,20,10,0,14,9,7,11,32,2,0
jumpserver,2025/6/2,795,39,0.8,14,11830,9084,287,5,35,52423,52423,0,0,0.2,649,0,1,2293740,4212,0,6,170,5,0,0,0,0,35,690,171,23,313,690,148,py=76458,1262,5633,52745,2987,3.8,96878,2332,76458,20,10,0,14,9,7,11,32,2,0
jumpserver,2025/6/9,795,39,0.8,14,11904,9148,287,5,35,52666,52666,0,0,0.2,650,0,1,2304720,4209,0,6,170,5,0,0,0,0,35,691,172,23,313,691,148,py=76824,1264,5655,52988,2992,3.7,97323,2341,76824,20,10,0,15,9,7,11,31,1,0
jumpserver,2025/6/16,795,39,0.8,14,11908,9149,287,5,35,52669,52669,0,0,0.2,650,0,1,2304960,4209,0,6,170,5,0,0,0,0,35,691,172,23,313,691,148,py=76832,1264,5655,52991,2993,3.7,97333,2343,76832,20,10,0,15,9,7,11,31,1,0
jumpserver,2025/6/23,795,39,0.8,14,11907,9149,297,5,36,52690,52690,0,0,0.2,650,0,1,2306130,4211,0,6,170,5,0,0,0,0,36,692,172,23,313,692,148,py=76871,1265,5657,53012,2995,3.8,97387,2344,76871,20,10,0,15,9,7,11,31,1,0
jumpserver,2025/6/30,795,39,0.8,14,11910,9151,297,5,36,52706,52706,0,0,0.2,650,0,1,2307000,4211,0,6,170,5,0,0,0,0,36,692,172,23,313,692,148,py=76900,1267,5658,53028,2996,3.7,97430,2346,76900,20,10,0,15,9,7,11,31,1,0
jumpserver,2025/7/7,795,39,0.8,14,11931,9169,302,5,37,52761,52761,0,0,0.2,651,0,1,2309340,4218,0,6,170,5,0,0,0,0,36,694,172,23,314,694,149,py=76978,1267,5663,53083,2998,3.7,97519,2346,76978,20,10,0,15,9,7,11,31,1,0
jumpserver,2025/7/14,795,39,0.8,14,11930,9174,302,5,37,52766,52766,0,0,0.2,650,0,1,2309130,4212,0,6,170,5,0,0,0,0,36,693,174,23,313,693,147,py=76971,1267,5658,53088,3005,3.8,97525,2347,76971,20,10,0,15,9,7,11,31,1,0
jumpserver,2025/7/21,795,39,0.8,14,11954,9194,302,5,37,52828,52828,0,0,0.2,650,0,1,2311710,4212,0,6,170,5,0,0,0,0,36,693,174,23,313,693,147,py=77057,1267,5664,53150,3009,3.8,97637,2349,77057,20,10,0,15,9,7,11,31,1,0
jumpserver,2025/7/28,795,39,0.8,14,11958,9201,302,5,37,52878,52878,0,0,0.2,653,0,1,2313810,4226,0,6,170,5,0,0,0,0,36,696,174,23,315,696,148,py=77127,1267,5666,53201,3010,3.8,97722,2351,77127,20,10,0,15,9,7,11,31,1,0
jumpserver,2025/8/4,837,41,0.8,16,12051,9258,302,5,37,53363,53363,0,0,0.2,654,0,1,2335860,4229,0,6,170,5,0,0,0,0,35,697,174,23,316,697,149,py=77862,1291,5717,53686,3025,3.7,98677,2362,77862,20,10,0,14,9,6,11,33,1,0
jumpserver,2025/8/11,795,39,0.8,14,12053,9258,302,5,37,53380,53380,0,0,0.2,655,0,1,2337300,4235,0,6,170,5,0,0,0,0,35,698,174,23,317,698,149,py=77910,1293,5717,53703,3027,3.7,98738,2364,77910,20,10,0,14,9,6,13,29,1,0
jumpserver,2025/8/18,795,39,0.8,14,12101,9311,302,5,37,53520,53520,0,0,0.2,656,0,1,2342880,4263,0,6,170,5,0,0,0,0,35,699,175,23,318,699,148,py=78096,1293,5724,53844,3032,3.7,98960,2365,78096,19,10,0,14,9,6,13,31,1,0
jumpserver,2025/8/25,861,41,0.9,16,12189,9393,302,5,37,53753,53753,0,0,0.2,668,0,1,2357370,4324,0,6,170,5,0,0,0,0,35,711,186,23,319,711,148,py=78579,1295,5758,54098,3143,3.8,99645,2374,78579,15,9,0,13,3,6,14,28,1,0
jumpserver,2025/9/1,861,41,0.9,16,12206,9414,302,5,37,53814,53814,0,0,0.2,671,0,1,2359020,4330,0,6,170,5,0,0,0,0,35,714,186,23,319,714,151,py=78634,1296,5760,54159,3152,3.9,99735,2375,78634,15,9,0,13,3,6,14,28,1,0
jumpserver,2025/9/8,929,43,0.9,17,12277,9517,302,5,37,54145,54145,0,0,0.2,680,0,1,2381700,4405,0,6,170,5,0,0,0,0,35,723,189,24,324,723,151,py=79390,1299,5778,54491,3174,3.8,100596,2379,79390,14,10,0,14,4,6,14,26,1,0
jumpserver,2025/9/15,929,43,0.9,17,12294,9531,302,5,37,54184,54184,0,0,0.2,679,0,1,2383470,4393,0,6,170,5,0,0,0,0,35,722,189,24,323,722,151,py=79449,1299,5781,54530,3177,3.8,100661,2379,79449,14,10,0,14,4,6,14,26,1,0
jumpserver,2025/9/22,929,43,0.9,17,12296,9530,302,5,37,54198,54198,0,0,0.2,679,0,1,2384610,4393,0,6,170,5,0,0,0,0,35,722,189,24,323,722,151,py=79487,1299,5783,54544,3177,3.8,100707,2379,79487,14,10,0,14,4,6,14,26,1,0
jumpserver,2025/9/29,929,43,0.9,17,12296,9530,302,5,37,54198,54198,0,0,0.2,679,0,1,2384610,4393,0,6,170,5,0,0,0,0,35,722,189,24,323,722,151,py=79487,1299,5783,54544,3177,3.8,100707,2379,79487,14,10,0,14,4,6,14,26,1,0
jumpserver,2025/10/6,941,46,0.9,18,12304,9535,302,5,37,54286,54286,0,0,0.2,679,0,1,2389020,4393,0,6,170,5,0,0,0,0,35,722,189,24,323,722,151,py=79634,1303,5787,54632,3182,3.8,100890,2391,79634,14,10,0,13,4,6,14,26,1,0
jumpserver,2025/10/13,941,46,0.9,18,12309,9540,302,5,37,54300,54300,0,0,0.2,679,0,1,2389620,4397,0,6,170,5,0,0,0,0,35,722,189,24,323,722,151,py=79654,1303,5787,54646,3182,3.8,100908,2391,79654,14,10,0,13,4,6,14,26,1,0
jumpserver,2025/10/20,941,46,0.9,18,12337,9578,302,5,37,54393,54393,0,0,0.2,682,0,1,2392740,4454,0,6,170,5,0,0,0,0,35,725,190,24,325,725,151,py=79758,1303,5796,54738,3180,3.8,101023,2395,79758,14,10,0,13,4,6,14,26,1,0
jumpserver,2025/10/27,941,46,0.9,18,12376,9644,302,5,37,54532,54532,0,0,0.2,687,0,1,2399550,4501,0,6,170,5,0,0,0,0,35,730,190,24,328,730,153,py=79985,1303,5805,54882,3232,3.9,101336,2395,79985,14,10,0,13,4,6,14,26,1,0
jumpserver,2025/11/3,941,46,0.9,18,12388,9657,302,5,37,54556,54556,0,0,0.2,686,0,1,2400360,4496,0,6,170,5,0,0,0,0,35,729,190,24,328,729,152,py=80012,1303,5807,54906,3232,3.9,101371,2395,80012,14,10,0,13,4,6,14,26,1,0
jumpserver,2025/11/10,941,46,0.9,18,12387,9652,302,5,37,54542,54542,0,0,0.2,686,0,1,2400090,4475,0,6,170,5,0,0,0,0,35,729,190,24,327,729,153,py=80003,1303,5805,54893,3238,3.9,101374,2395,80003,14,10,0,13,4,6,14,25,1,0
